,index,Date,Ammonia,PM10,PM25,Wind_speed,Temperature,Rainfall,Quadrante
0,1,2018-01-01T00:00:00Z,1.4,5.0,4.0,0.300969658396835,2.095833333333333,2.4000000000000004,1
1,4,2018-01-02T00:00:00Z,1.0,3.0,2.0,0.6131834216353806,1.6701388888888888,0.0,1
2,7,2018-01-03T00:00:00Z,1.0,5.0,5.0,0.5391716225667252,1.9722222222222223,0.6000000000000001,1
3,10,2018-01-04T00:00:00Z,1.4,6.0,3.0,0.2114496299159768,3.08125,0.0,1
4,13,2018-01-05T00:00:00Z,1.7,7.0,8.0,0.1169527119839815,3.6534722222222222,0.0,1
5,16,2018-01-06T00:00:00Z,1.9,6.0,7.0,1.281679846780456,4.139583333333333,9.8,2
6,19,2018-01-07T00:00:00Z,1.9,10.0,8.0,2.0509578311718664,5.298611111111111,1.2000000000000002,3
7,22,2018-01-08T00:00:00Z,1.7,11.0,7.0,2.4836010307724607,6.2965277777777775,0.0,3
8,25,2018-01-09T00:00:00Z,1.7,15.0,6.0,1.6017145972991158,3.667361111111111,32.2,4
9,28,2018-01-10T00:00:00Z,1.5,6.0,3.0,0.4356844269120695,1.4256944444444444,1.0,2
10,31,2018-01-11T00:00:00Z,1.4,13.0,4.0,0.1338905358102801,1.1430555555555555,0.0,1
11,34,2018-01-12T00:00:00Z,1.5,13.0,10.0,0.1967626873656756,1.4111111111111112,0.0,1
12,37,2018-01-13T00:00:00Z,2.1,14.0,8.0,0.1659623351357869,0.2083916083916084,0.0,4
13,40,2018-01-14T00:00:00Z,2.9,25.0,19.0,0.3941348147138532,-1.051388888888889,0.0,3
14,43,2018-01-15T00:00:00Z,3.5,26.0,19.0,0.1482305417204851,-1.6791666666666667,0.0,4
15,46,2018-01-16T00:00:00Z,3.8,21.0,15.0,0.2205305098386988,-0.7006944444444444,0.0,1
16,49,2018-01-17T00:00:00Z,1.9,5.0,5.0,0.6338301353482856,-0.4506944444444444,0.0,1
17,52,2018-01-18T00:00:00Z,1.3,4.0,2.0,0.2912056308843845,0.1069444444444444,0.0,1
18,55,2018-01-19T00:00:00Z,1.4,4.0,5.0,0.4782941230290177,2.5326388888888887,0.0,1
19,58,2018-01-20T00:00:00Z,1.1,7.0,6.0,0.3101453268041523,0.1701388888888889,0.4,4
20,61,2018-01-21T00:00:00Z,1.3,6.0,5.0,0.4778843193727523,1.3461538461538465,6.0,1
21,64,2018-01-22T00:00:00Z,1.5,11.0,10.0,0.2901397901611937,1.0013888888888889,0.0,1
22,142,2018-02-17T00:00:00Z,8.9,35.0,30.0,0.3428109398190985,0.7243055555555555,0.0,1
23,145,2018-02-18T00:00:00Z,9.7,30.0,24.0,1.0770401604298196,0.2342657342657342,0.0,3
24,148,2018-02-19T00:00:00Z,7.5,15.0,9.0,0.7611921171693787,-2.775,0.0,3
25,160,2018-02-23T00:00:00Z,10.6,32.0,22.0,0.180610877324205,-1.742361111111111,0.8,4
26,163,2018-02-24T00:00:00Z,9.5,22.0,16.0,0.1694514892973486,2.1251748251748253,0.0,1
27,166,2018-02-25T00:00:00Z,6.3,15.0,13.0,1.3451779277544598,-6.103472222222222,2.4000000000000004,3
28,169,2018-02-26T00:00:00Z,5.1,23.0,22.0,0.5815250298378706,-9.541958041958042,0.0,3
29,172,2018-02-27T00:00:00Z,4.2,25.0,24.0,0.5393187745235482,-11.287412587412588,0.0,3
30,175,2018-02-28T00:00:00Z,5.9,40.0,38.0,0.6562626441466132,-10.404861111111112,0.0,2
31,178,2018-03-01T00:00:00Z,9.3,48.0,44.0,0.1490265904332318,-7.480555555555555,1.8,4
32,181,2018-03-02T00:00:00Z,7.5,16.0,15.0,0.278436548325007,-3.161111111111111,4.6000000000000005,4
33,184,2018-03-03T00:00:00Z,6.5,10.0,7.0,0.1075473264458339,-0.2520833333333333,0.6000000000000001,1
34,187,2018-03-04T00:00:00Z,5.1,12.0,10.0,0.7609639262526008,2.029166666666667,0.0,2
35,190,2018-03-05T00:00:00Z,6.4,22.0,19.0,0.1508039328881351,1.1736111111111112,0.0,4
36,193,2018-03-06T00:00:00Z,7.4,24.0,12.0,0.3153893322739753,0.8395833333333333,0.0,1
37,196,2018-03-07T00:00:00Z,5.6,12.0,7.0,0.100372018839201,0.6027777777777777,3.0,4
38,199,2018-03-08T00:00:00Z,3.0,6.0,6.0,0.4582321113787763,3.7402777777777776,0.0,2
39,202,2018-03-09T00:00:00Z,6.0,27.0,21.0,0.9726268176040452,3.7090277777777776,0.0,3
40,205,2018-03-10T00:00:00Z,5.8,12.0,11.0,0.1649556343350971,2.8409722222222222,2.2,2
41,208,2018-03-11T00:00:00Z,4.7,5.0,4.0,1.3632640345641798,3.4743055555555555,45.6,3
42,211,2018-03-12T00:00:00Z,3.7,6.0,4.0,0.7247637032321131,3.286111111111111,15.4,2
43,214,2018-03-13T00:00:00Z,3.9,12.0,12.0,0.5918721009158076,5.020138888888889,0.0,3
44,217,2018-03-14T00:00:00Z,2.9,9.0,9.0,0.5632876786971817,6.195138888888889,0.0,2
45,220,2018-03-15T00:00:00Z,3.1,9.0,7.0,0.943743686230053,1.41875,21.4,3
46,226,2018-03-17T00:00:00Z,3.4,9.0,7.0,0.8133022900931981,1.2194444444444446,32.0,2
47,229,2018-03-18T00:00:00Z,2.2,3.0,4.0,0.5266087393539807,1.0763888888888888,11.6,3
48,232,2018-03-19T00:00:00Z,2.7,9.0,3.0,0.5126755128383413,0.2868055555555555,0.0,4
49,235,2018-03-20T00:00:00Z,2.5,8.0,9.0,0.3387919340569361,-0.5347222222222222,0.0,3
50,238,2018-03-21T00:00:00Z,2.2,20.0,17.0,0.7362493003823134,-1.1458333333333333,0.0,3
51,241,2018-03-22T00:00:00Z,4.1,23.0,19.0,0.1555701886831237,0.2444444444444444,0.0,1
52,244,2018-03-23T00:00:00Z,3.5,22.0,21.0,0.201122666231068,3.1951388888888888,0.0,3
53,247,2018-03-24T00:00:00Z,7.5,37.0,33.0,0.8136383353833553,0.9090277777777778,0.0,2
54,250,2018-03-25T00:00:00Z,7.9,33.0,31.0,1.040314130861008,1.2222222222222223,0.0,3
55,253,2018-03-26T00:00:00Z,7.2,25.0,23.0,0.6688435093714181,3.818055555555556,0.0,4
56,256,2018-03-27T00:00:00Z,5.3,18.0,18.0,0.9412861537336372,5.260416666666667,0.0,3
57,259,2018-03-28T00:00:00Z,9.5,38.0,36.0,0.5561441622440906,5.219444444444444,0.0,3
58,262,2018-03-29T00:00:00Z,8.1,23.0,19.0,0.7953594415149913,4.575694444444444,19.8,2
59,265,2018-03-30T00:00:00Z,6.7,16.0,13.0,1.485185841492496,4.66875,31.4,3
60,268,2018-03-31T00:00:00Z,5.0,7.0,4.0,0.4399561422933973,2.6840277777777777,22.0,2
61,271,2018-04-01T00:00:00Z,2.2,2.0,3.0,0.864327148349057,5.319444444444445,0.0,4
62,274,2018-04-02T00:00:00Z,2.5,14.0,11.0,0.8733725753575395,5.711805555555555,0.0,3
63,277,2018-04-03T00:00:00Z,3.6,15.0,9.0,0.696378955459177,3.979861111111111,5.6000000000000005,2
64,280,2018-04-04T00:00:00Z,3.6,7.0,5.0,1.1880927372302026,3.634027777777778,17.2,2
65,283,2018-04-05T00:00:00Z,3.4,10.0,6.0,0.3340406089192804,7.445138888888889,0.8,4
66,286,2018-04-06T00:00:00Z,3.0,20.0,18.0,0.6026931812050254,8.917361111111111,0.0,3
67,289,2018-04-07T00:00:00Z,7.4,46.0,39.0,0.7142552085431235,7.729861111111111,0.0,3
68,292,2018-04-08T00:00:00Z,10.0,42.0,38.0,1.1010866885556527,8.438888888888888,0.0,3
69,295,2018-04-09T00:00:00Z,10.3,20.0,17.0,0.1327833170709105,6.60625,6.4,1
70,298,2018-04-10T00:00:00Z,7.9,5.0,3.0,0.7724676943949841,4.388194444444444,17.8,2
71,301,2018-04-11T00:00:00Z,4.8,7.0,4.0,0.7774647363694311,4.633333333333334,17.8,3
72,304,2018-04-12T00:00:00Z,3.8,3.0,2.0,0.3823597769479345,3.8826388888888888,77.8,4
73,307,2018-04-13T00:00:00Z,2.6,5.0,2.0,0.5480250309947612,3.734027777777778,10.2,2
74,310,2018-04-14T00:00:00Z,2.6,9.0,7.0,0.7052439248918081,8.424305555555556,0.0,3
75,316,2018-04-16T00:00:00Z,3.2,15.0,10.0,0.3298455248469436,11.140972222222222,0.6000000000000001,3
76,319,2018-04-17T00:00:00Z,3.9,27.0,15.0,1.0148947133344486,12.897916666666667,0.0,3
77,322,2018-04-18T00:00:00Z,8.6,35.0,24.0,0.8847487431854909,13.416083916083917,0.0,3
78,325,2018-04-19T00:00:00Z,11.3,35.0,29.0,1.1943407195502824,13.83125,0.0,3
79,328,2018-04-20T00:00:00Z,11.7,32.0,26.0,1.0212036374376916,16.068055555555556,0.0,3
80,331,2018-04-21T00:00:00Z,10.1,30.0,28.0,1.0173435555156876,16.84861111111111,0.0,3
81,337,2018-04-23T00:00:00Z,14.8,31.0,27.0,0.8894760936714294,15.561805555555557,0.0,3
82,340,2018-04-24T00:00:00Z,11.9,34.0,26.0,0.8550452079039087,14.901388888888889,0.0,3
83,343,2018-04-25T00:00:00Z,11.9,39.0,27.0,0.982081499020008,14.930555555555555,0.0,3
84,346,2018-04-26T00:00:00Z,11.3,32.0,20.0,1.3197354923878497,14.78111888111888,0.0,3
85,349,2018-04-27T00:00:00Z,9.0,32.0,23.0,0.763420013388391,11.603472222222225,0.0,3
86,352,2018-04-28T00:00:00Z,9.5,30.0,21.0,1.2886008986283215,13.011805555555556,7.8,3
87,355,2018-04-29T00:00:00Z,9.6,25.0,18.0,1.5222401357942892,13.174305555555556,3.6,3
88,358,2018-04-30T00:00:00Z,5.0,9.0,7.0,1.4336462019560727,8.388194444444444,19.0,3
89,361,2018-05-01T00:00:00Z,4.5,13.0,2.0,1.2506508694623588,7.3909722222222225,4.0,3
90,367,2018-05-03T00:00:00Z,5.1,26.0,12.0,0.2583358664273994,12.4625,1.0,2
91,370,2018-05-04T00:00:00Z,4.5,13.0,7.0,0.5483702037294927,12.266666666666667,0.8,2
92,373,2018-05-05T00:00:00Z,4.4,21.0,11.0,0.0267660339658991,13.084722222222222,0.2,1
93,376,2018-05-06T00:00:00Z,4.1,17.0,11.0,0.2942839471595172,15.415972222222225,43.0,1
94,382,2018-05-08T00:00:00Z,3.6,15.0,10.0,0.672110962805212,13.23263888888889,20.8,2
95,385,2018-05-09T00:00:00Z,2.9,9.0,5.0,1.1007103543239454,10.311805555555557,7.800000000000001,2
96,388,2018-05-10T00:00:00Z,3.1,10.0,9.0,0.4943930234254087,11.698611111111113,6.0,2
97,391,2018-05-11T00:00:00Z,3.3,10.0,7.0,0.3069638736309697,12.28888888888889,7.8,2
98,394,2018-05-12T00:00:00Z,2.8,10.0,5.0,0.7855708016452286,12.822916666666666,12.2,2
99,397,2018-05-13T00:00:00Z,3.0,11.0,16.0,0.7918042498768012,10.807638888888889,19.4,2
100,400,2018-05-14T00:00:00Z,2.1,2.0,1.0,0.8476895411216462,7.396527777777778,26.4,3
101,406,2018-05-16T00:00:00Z,3.8,24.0,12.0,0.2969446963962811,9.25,9.2,2
102,412,2018-05-18T00:00:00Z,3.1,11.0,9.0,0.618483752992776,11.42361111111111,4.6000000000000005,2
103,415,2018-05-19T00:00:00Z,3.2,11.0,8.0,0.3645317621595134,11.545833333333333,1.0,2
104,418,2018-05-20T00:00:00Z,2.8,10.0,7.0,0.3176526797651792,10.196527777777778,34.2,2
105,421,2018-05-21T00:00:00Z,2.8,8.0,7.0,0.1902226339011148,11.724305555555556,10.2,2
106,424,2018-05-22T00:00:00Z,3.0,14.0,10.0,0.4477212465837775,11.161111111111111,2.4000000000000004,3
107,427,2018-05-23T00:00:00Z,3.4,7.0,6.0,0.0435194312571919,12.538194444444445,2.4000000000000004,2
108,433,2018-05-25T00:00:00Z,5.7,18.0,14.0,0.6567733551706824,16.88888888888889,0.0,3
109,436,2018-05-26T00:00:00Z,8.8,30.0,23.0,0.6805194819307966,18.447916666666668,0.0,2
110,439,2018-05-27T00:00:00Z,10.2,28.0,19.0,0.5311119820209202,16.623776223776225,54.4,2
111,442,2018-05-28T00:00:00Z,8.1,9.0,5.0,0.4197442989556421,14.934722222222222,52.4,3
112,445,2018-05-29T00:00:00Z,6.5,12.0,6.0,0.6366426345881686,14.714583333333334,23.2,2
113,448,2018-05-30T00:00:00Z,5.6,19.0,8.0,0.8382290847381062,16.12152777777778,0.8,3
114,451,2018-05-31T00:00:00Z,6.4,20.0,10.0,0.0889342189127685,15.709722222222222,5.2,2
115,454,2018-06-01T00:00:00Z,5.6,21.0,15.0,0.2513712826963621,16.072916666666668,0.2,4
116,457,2018-06-02T00:00:00Z,6.3,25.0,19.0,0.5014811081986739,16.220833333333335,0.2,2
117,460,2018-06-03T00:00:00Z,8.3,27.0,19.0,0.7512426305865055,17.277083333333334,0.0,3
118,469,2018-06-06T00:00:00Z,7.6,12.0,9.0,0.4860645240484078,15.74652777777778,1.0,3
119,472,2018-06-07T00:00:00Z,6.2,15.0,4.0,1.317270573465808,16.25347222222222,15.0,3
120,475,2018-06-08T00:00:00Z,5.7,4.0,1.0,0.2379858467995147,14.20138888888889,4.800000000000001,1
121,478,2018-06-09T00:00:00Z,5.1,7.0,6.0,1.0799797027617852,17.679861111111112,0.0,3
122,481,2018-06-10T00:00:00Z,6.6,16.0,9.0,0.4031820369557566,18.73333333333333,0.0,3
123,484,2018-06-11T00:00:00Z,6.4,20.0,10.0,0.8940438663068155,18.513286713286718,0.6000000000000001,2
124,490,2018-06-13T00:00:00Z,4.3,4.0,3.0,0.1376389148588386,13.966666666666669,4.800000000000001,1
125,493,2018-06-14T00:00:00Z,3.4,7.0,5.0,1.475988136066962,15.704166666666667,0.0,3
126,496,2018-06-15T00:00:00Z,6.5,19.0,17.0,0.8409448533557367,16.196527777777778,0.0,2
127,499,2018-06-16T00:00:00Z,8.4,19.0,16.0,0.7414159817043766,16.929861111111112,0.0,2
128,502,2018-06-17T00:00:00Z,11.1,26.0,21.0,0.8392568454732962,17.240277777777777,2.2,2
129,505,2018-06-18T00:00:00Z,9.6,15.0,12.0,1.3720655710879457,18.509722222222223,0.0,3
130,508,2018-06-19T00:00:00Z,10.7,24.0,18.0,0.9168701725787656,19.062937062937063,0.0,2
131,511,2018-06-20T00:00:00Z,12.2,24.0,17.0,0.9140653643586684,18.770138888888887,0.0,2
132,514,2018-06-21T00:00:00Z,13.7,28.0,20.0,0.9738325927720072,20.093055555555555,0.0,3
133,517,2018-06-22T00:00:00Z,7.5,12.0,10.0,0.838064958861439,18.39027777777778,0.0,4
134,520,2018-06-23T00:00:00Z,6.3,16.0,12.0,1.417833762741575,13.843055555555557,0.0,3
135,523,2018-06-24T00:00:00Z,7.4,19.0,15.0,1.088521944210458,14.247916666666669,0.8,2
136,526,2018-06-25T00:00:00Z,9.1,18.0,13.0,1.288028663382185,14.397222222222222,0.0,2
137,532,2018-06-27T00:00:00Z,7.8,13.0,12.0,1.0262313914667167,16.663194444444443,0.0,2
138,535,2018-06-28T00:00:00Z,6.4,10.0,8.0,0.5895345229447457,16.525,0.0,2
139,538,2018-06-29T00:00:00Z,6.6,9.0,6.0,0.5447782559816525,19.21875,0.0,2
140,541,2018-06-30T00:00:00Z,6.1,12.0,9.0,1.105264351339289,21.71180555555556,0.0,3
141,544,2018-07-01T00:00:00Z,8.0,19.0,13.0,1.1284773040767462,21.27013888888889,0.0,3
142,547,2018-07-02T00:00:00Z,9.8,16.0,11.0,1.0415082787984151,18.710416666666667,0.6000000000000001,3
143,550,2018-07-03T00:00:00Z,11.5,23.0,19.0,0.8240557222166017,19.635416666666668,4.0,3
144,553,2018-07-04T00:00:00Z,7.4,17.0,14.0,1.2310496793058985,19.00347222222222,0.2,3
145,556,2018-07-05T00:00:00Z,5.6,9.0,8.0,0.1101309901128655,17.104166666666668,11.8,1
146,559,2018-07-06T00:00:00Z,4.2,3.0,4.0,0.2305638230246663,19.186805555555555,0.0,4
147,562,2018-07-07T00:00:00Z,3.8,5.0,4.0,1.1835082339525111,19.65,0.0,3
148,565,2018-07-08T00:00:00Z,4.8,9.0,9.0,0.994724114097428,19.64583333333333,0.0,3
149,568,2018-07-09T00:00:00Z,6.2,15.0,15.0,1.117679055471359,19.214583333333334,0.0,2
150,571,2018-07-10T00:00:00Z,9.3,18.0,14.0,0.8953404692598421,18.663888888888888,0.4,2
151,574,2018-07-11T00:00:00Z,7.0,14.0,12.0,1.8961699582251297,16.270833333333332,0.0,3
152,577,2018-07-12T00:00:00Z,9.8,17.0,12.0,0.8414540099088089,16.500694444444445,25.8,2
153,580,2018-07-13T00:00:00Z,7.9,28.0,20.0,1.045971808799813,18.57847222222222,0.2,3
154,583,2018-07-14T00:00:00Z,7.6,21.0,16.0,0.7640384493533555,19.29583333333333,1.4,3
155,586,2018-07-15T00:00:00Z,7.4,13.0,10.0,1.0307466676426351,19.40486111111111,0.8,3
156,592,2018-07-17T00:00:00Z,4.4,5.0,6.0,0.5746724035166842,20.261111111111116,0.0,1
157,595,2018-07-18T00:00:00Z,4.5,8.0,8.0,0.9451713047657376,20.71527777777778,0.0,3
158,601,2018-07-20T00:00:00Z,4.9,19.0,14.0,0.5400939612068711,19.73125,30.2,3
159,604,2018-07-21T00:00:00Z,4.2,10.0,10.0,0.1285311659783997,14.629166666666666,45.8,1
160,610,2018-07-23T00:00:00Z,4.4,10.0,8.0,0.3541010313695853,19.872222222222224,0.0,2
161,613,2018-07-24T00:00:00Z,4.6,18.0,13.0,0.9166237520864756,19.5006993006993,3.0,2
162,616,2018-07-25T00:00:00Z,5.5,20.0,18.0,0.9263097857135691,20.03611111111111,7.0,2
163,619,2018-07-26T00:00:00Z,5.7,21.0,14.0,1.1294904055529509,20.445138888888888,0.6000000000000001,2
164,625,2018-07-28T00:00:00Z,5.6,22.0,16.0,0.5083478883462805,18.944444444444443,6.4,3
165,628,2018-07-29T00:00:00Z,5.1,6.0,5.0,0.68408517526282,20.563194444444445,0.0,3
166,631,2018-07-30T00:00:00Z,5.2,14.0,12.0,0.6620381356592027,22.58888888888889,0.0,3
167,634,2018-07-31T00:00:00Z,5.7,15.0,13.0,0.3009671523180167,23.478472222222223,0.0,1
168,637,2018-08-01T00:00:00Z,5.4,22.0,19.0,0.4960893243725865,22.45486111111111,24.4,2
169,640,2018-08-02T00:00:00Z,4.7,10.0,8.0,0.706164725059102,22.028472222222224,0.6000000000000001,2
170,643,2018-08-03T00:00:00Z,5.1,15.0,13.0,0.5991049538501506,21.631944444444443,0.6000000000000001,3
171,646,2018-08-04T00:00:00Z,5.2,14.0,13.0,1.0488066978185804,21.758333333333333,6.8,2
172,649,2018-08-05T00:00:00Z,5.4,18.0,14.0,0.6395796548635496,22.756944444444443,8.2,2
173,652,2018-08-06T00:00:00Z,6.0,22.0,19.0,0.7268466356999254,22.369444444444444,0.2,2
174,655,2018-08-07T00:00:00Z,5.3,13.0,10.0,0.2874897161270721,20.242361111111112,15.8,3
175,658,2018-08-08T00:00:00Z,5.6,23.0,15.0,0.5419158785698044,20.48263888888889,0.0,2
176,661,2018-08-09T00:00:00Z,5.2,15.0,10.0,0.6385403755859707,18.918055555555554,20.8,2
177,664,2018-08-10T00:00:00Z,4.9,14.0,12.0,0.9788168258037,18.72361111111111,3.8,3
178,667,2018-08-11T00:00:00Z,4.8,17.0,13.0,0.644284408769858,19.83333333333333,0.0,3
179,670,2018-08-12T00:00:00Z,4.1,16.0,12.0,0.9121293148208496,18.075694444444444,0.4,2
180,673,2018-08-13T00:00:00Z,4.0,9.0,7.0,0.4441621365386233,16.20625,21.4,2
181,676,2018-08-14T00:00:00Z,4.2,4.0,1.0,0.653969882807056,17.488811188811187,5.0,2
182,679,2018-08-15T00:00:00Z,4.1,8.0,8.0,0.5606547403841836,17.302083333333332,0.0,2
183,682,2018-08-16T00:00:00Z,4.1,7.0,7.0,0.6537777909186024,18.497222222222224,0.0,2
184,685,2018-08-17T00:00:00Z,6.1,17.0,13.0,0.6486636762598879,19.35902777777778,0.2,3
185,688,2018-08-18T00:00:00Z,6.3,8.0,8.0,0.3974593579060948,19.02083333333333,0.0,2
186,691,2018-08-19T00:00:00Z,5.5,10.0,8.0,0.6066685189134008,19.084027777777777,36.8,2
187,694,2018-08-20T00:00:00Z,5.2,8.0,7.0,0.4563960860177521,20.654545454545456,3.2,1
188,697,2018-08-21T00:00:00Z,5.0,10.0,8.0,0.2945619241315917,21.104166666666668,2.0,2
189,700,2018-08-22T00:00:00Z,4.9,14.0,11.0,0.3421076854552214,20.77430555555556,0.0,2
190,703,2018-08-23T00:00:00Z,5.1,14.0,13.0,0.3759233396929635,19.84861111111111,0.0,2
191,706,2018-08-24T00:00:00Z,4.8,15.0,9.0,0.956850812531574,19.892957746478874,1.2000000000000002,3
192,709,2018-08-25T00:00:00Z,4.1,13.0,14.0,0.5219965235133135,14.468055555555557,35.4,2
193,715,2018-08-27T00:00:00Z,4.3,11.0,9.0,0.4658981982459544,14.007692307692308,0.0,4
194,718,2018-08-28T00:00:00Z,4.4,6.0,5.0,0.7393595760673122,17.530281690140846,0.0,2
195,721,2018-08-29T00:00:00Z,6.0,20.0,15.0,0.6239085633468667,18.02083333333333,0.0,2
196,724,2018-08-30T00:00:00Z,8.4,33.0,26.0,1.161775029676592,18.009027777777778,0.0,2
197,727,2018-08-31T00:00:00Z,8.8,8.0,4.0,0.2452845571285988,13.165277777777778,40.8,3
198,733,2018-09-02T00:00:00Z,5.0,4.0,3.0,0.305385607183706,12.079166666666667,3.2,2
199,736,2018-09-03T00:00:00Z,4.4,6.0,2.0,0.4747394378491308,12.691666666666666,0.0,2
200,739,2018-09-04T00:00:00Z,4.5,7.0,3.0,0.3068694328503447,15.629166666666666,0.0,2
201,742,2018-09-05T00:00:00Z,4.9,12.0,7.0,0.9386309130076996,16.82777777777778,0.0,3
202,745,2018-09-06T00:00:00Z,5.0,29.0,13.0,0.6670746634028731,16.09861111111111,19.2,2
203,748,2018-09-07T00:00:00Z,4.5,8.0,6.0,0.4837540126150181,15.225694444444445,2.8000000000000003,2
204,751,2018-09-08T00:00:00Z,4.9,15.0,12.0,1.0335883978130036,16.210416666666667,0.2,3
205,754,2018-09-09T00:00:00Z,5.2,22.0,16.0,0.2351707519983157,16.975,0.0,2
206,757,2018-09-10T00:00:00Z,5.9,27.0,23.0,0.5956635620270005,17.928472222222222,0.0,3
207,760,2018-09-11T00:00:00Z,6.8,26.0,20.0,0.2644114071032837,18.66293706293706,0.0,2
208,763,2018-09-12T00:00:00Z,7.1,38.0,33.0,0.636786722501144,18.944444444444443,0.0,2
209,766,2018-09-13T00:00:00Z,6.7,30.0,25.0,0.523681948561283,17.26029411764706,6.8,2
210,769,2018-09-14T00:00:00Z,6.9,17.0,12.0,0.8727549324255384,18.116666666666667,0.0,3
211,772,2018-09-15T00:00:00Z,6.5,39.0,24.0,0.9297366771912644,16.910489510489512,0.0,3
212,775,2018-09-16T00:00:00Z,6.8,29.0,22.0,0.9653521921854764,16.072916666666668,0.0,2
213,778,2018-09-17T00:00:00Z,7.8,29.0,21.0,0.6598082640598465,16.602083333333333,0.0,2
214,781,2018-09-18T00:00:00Z,7.7,16.0,10.0,0.241934467356015,16.061805555555555,4.0,2
215,784,2018-09-19T00:00:00Z,7.7,17.0,17.0,0.5084926484910902,17.12847222222222,0.0,3
216,787,2018-09-20T00:00:00Z,7.6,26.0,21.0,1.020212628463127,17.603472222222223,0.0,3
217,790,2018-09-21T00:00:00Z,7.8,27.0,19.0,0.3236545865666191,17.474305555555556,0.0,2
218,793,2018-09-22T00:00:00Z,7.9,33.0,26.0,0.7108686368347152,17.540972222222223,0.0,2
219,796,2018-09-23T00:00:00Z,7.8,27.0,19.0,0.5289236934477018,17.694444444444443,0.0,2
220,799,2018-09-24T00:00:00Z,6.6,12.0,8.0,0.5822612506057044,14.172727272727272,0.0,3
221,802,2018-09-25T00:00:00Z,6.1,4.0,1.0,1.0701875351421135,8.855555555555556,0.0,3
222,805,2018-09-26T00:00:00Z,6.3,16.0,11.0,0.5514942362881967,8.64375,0.0,3
223,808,2018-09-27T00:00:00Z,6.0,8.0,5.0,0.4025672553518826,14.11111111111111,0.0,3
224,811,2018-09-28T00:00:00Z,6.0,8.0,6.0,0.0691147945666453,16.190277777777776,0.0,2
225,814,2018-09-29T00:00:00Z,5.5,11.0,9.0,1.2273562928232815,14.897916666666667,0.0,2
226,817,2018-09-30T00:00:00Z,7.4,27.0,19.0,0.0813468916478747,10.305555555555555,0.0,1
227,820,2018-10-01T00:00:00Z,5.8,6.0,4.0,0.2846532526824449,7.198611111111111,21.8,1
228,823,2018-10-02T00:00:00Z,4.5,11.0,11.0,0.6282233873344377,8.556944444444445,0.0,2
229,829,2018-10-04T00:00:00Z,6.3,20.0,18.0,1.12357323380519,12.290277777777778,0.0,3
230,835,2018-10-06T00:00:00Z,10.1,35.0,29.0,0.1259283729379506,10.363888888888887,0.4,1
231,838,2018-10-07T00:00:00Z,8.5,21.0,14.0,0.4089801465081444,12.113194444444444,0.0,3
232,841,2018-10-08T00:00:00Z,7.9,30.0,22.0,0.2617275922139199,12.920833333333333,0.0,2
233,847,2018-10-10T00:00:00Z,8.3,35.0,28.0,1.5036992467106176,12.095833333333331,4.2,3
234,850,2018-10-11T00:00:00Z,8.2,22.0,17.0,1.6714982871997046,10.519444444444444,9.2,3
235,853,2018-10-12T00:00:00Z,7.8,19.0,15.0,0.3120732038885923,13.198611111111113,0.0,3
236,856,2018-10-13T00:00:00Z,7.4,29.0,23.0,0.7090524104268714,13.436805555555557,0.0,3
237,859,2018-10-14T00:00:00Z,7.4,33.0,29.0,1.0968320155508662,11.514583333333333,0.0,3
238,862,2018-10-15T00:00:00Z,8.1,41.0,26.0,1.051158310257252,10.901388888888889,0.0,3
239,865,2018-10-16T00:00:00Z,7.9,30.0,21.0,0.6797609742936735,10.696527777777778,0.0,3
240,868,2018-10-17T00:00:00Z,7.6,41.0,18.0,0.1501502765780684,11.606944444444444,0.0,2
241,871,2018-10-18T00:00:00Z,7.5,24.0,17.0,0.2677098305836606,12.57638888888889,0.0,3
242,874,2018-10-19T00:00:00Z,7.7,29.0,22.0,0.3172636722770821,12.988194444444444,0.0,1
243,877,2018-10-20T00:00:00Z,7.9,61.0,45.0,0.3411559957064525,12.448611111111113,0.0,3
244,880,2018-10-21T00:00:00Z,8.1,34.0,24.0,1.0870249409087678,10.879166666666666,0.0,3
245,883,2018-10-22T00:00:00Z,7.8,10.0,4.0,0.150231688762717,7.146527777777778,0.0,3
246,964,2018-11-18T00:00:00Z,8.3,22.0,18.0,0.1216273219526135,-0.0159722222222222,0.0,1
247,967,2018-11-19T00:00:00Z,7.3,22.0,17.0,0.4059372296857195,-2.6712,2.4000000000000004,4
248,970,2018-11-20T00:00:00Z,6.4,10.0,7.0,0.0702446841807621,-1.39375,1.4,1
249,973,2018-11-21T00:00:00Z,7.2,5.0,2.0,0.1228363284311755,2.8313868613138684,1.0,2
250,976,2018-11-22T00:00:00Z,8.8,6.0,4.0,0.0191819513201012,3.1939849624060157,0.0,4
251,979,2018-11-23T00:00:00Z,8.4,5.0,3.0,0.3607413355541869,2.6194444444444445,8.0,2
252,982,2018-11-24T00:00:00Z,11.0,5.0,3.0,0.7616243343713239,4.350833333333333,12.6,2
253,985,2018-11-25T00:00:00Z,11.0,5.0,3.0,0.1205660793265068,3.681944444444445,0.0,2
254,988,2018-11-26T00:00:00Z,8.8,6.0,4.0,0.0633703622894882,3.428472222222222,0.0,1
255,991,2018-11-27T00:00:00Z,6.2,5.0,2.0,0.6706326532445768,3.722916666666667,0.0,1
256,994,2018-11-28T00:00:00Z,4.6,6.0,5.0,0.0949796028902125,2.9125,0.0,1
257,997,2018-11-29T00:00:00Z,4.1,17.0,13.0,0.1502516576374842,1.3798611111111112,0.0,1
258,1000,2018-11-30T00:00:00Z,4.1,27.0,19.0,0.0677835928192837,-1.4861111111111112,0.0,1
259,1003,2018-12-01T00:00:00Z,4.1,15.0,13.0,0.2176880294733894,0.7465277777777778,0.0,3
260,1006,2018-12-02T00:00:00Z,3.7,11.0,10.0,0.1077561022401574,2.376388888888889,0.0,1
261,1009,2018-12-03T00:00:00Z,3.3,7.0,5.0,0.1701607092971591,4.594444444444444,2.2,1
262,1012,2018-12-04T00:00:00Z,2.6,3.0,3.0,0.6794049667522016,7.092307692307692,0.0,1
263,1015,2018-12-05T00:00:00Z,1.9,9.0,9.0,0.0552648247071377,5.624305555555556,0.0,4
264,1018,2018-12-06T00:00:00Z,3.6,30.0,24.0,0.0605940127339147,3.285416666666667,0.0,1
265,1021,2018-12-07T00:00:00Z,3.2,9.0,7.0,0.1758105071606476,5.643055555555556,0.0,2
266,1024,2018-12-08T00:00:00Z,2.1,5.0,4.0,0.2778463584395229,3.9027777777777777,2.6,1
267,1027,2018-12-09T00:00:00Z,1.7,3.0,2.0,0.3457231266490351,4.11875,0.0,1
268,1030,2018-12-10T00:00:00Z,1.3,3.0,2.0,0.317201581021633,1.823611111111111,0.0,1
269,1033,2018-12-11T00:00:00Z,0.8,4.0,0.0,0.3016430994572087,-0.28125,0.0,4
270,1036,2018-12-12T00:00:00Z,0.6,6.0,5.0,0.1849475899855209,-2.111805555555556,0.0,1
271,1039,2018-12-13T00:00:00Z,0.8,11.0,10.0,0.2265461224955198,-3.35,0.0,2
272,1042,2018-12-14T00:00:00Z,1.6,18.0,16.0,0.060268910803087,-4.730555555555555,0.0,3
273,1045,2018-12-15T00:00:00Z,2.0,18.0,14.0,0.1630215539505152,-3.780555555555555,0.0,1
274,1048,2018-12-16T00:00:00Z,1.4,14.0,11.0,0.161132934677958,-1.3895833333333334,0.0,1
275,1051,2018-12-17T00:00:00Z,1.7,19.0,16.0,0.363132983107245,-0.1881944444444444,0.0,1
276,1054,2018-12-18T00:00:00Z,0.7,6.0,4.0,0.2467770765412274,1.04375,0.0,1
277,1057,2018-12-19T00:00:00Z,1.4,9.0,8.0,0.4208873174269575,-0.6215277777777778,4.2,3
278,1060,2018-12-20T00:00:00Z,1.5,6.0,4.0,0.0345982506538653,-2.2256944444444446,0.6000000000000001,1
279,1063,2018-12-21T00:00:00Z,1.4,4.0,3.0,0.3559310187193516,0.0895833333333333,0.0,2
280,1066,2018-12-22T00:00:00Z,1.2,4.0,4.0,0.7989246599745768,4.749305555555556,0.0,1
281,1069,2018-12-23T00:00:00Z,0.7,6.0,5.0,0.0963617521939355,7.120833333333334,0.0,1
282,1072,2018-12-24T00:00:00Z,0.7,2.0,5.0,1.0070514829054258,6.058333333333334,0.0,1
283,1075,2018-12-25T00:00:00Z,0.0,3.0,3.0,0.6809010644269756,3.824305555555556,0.0,1
284,1078,2018-12-26T00:00:00Z,0.0,6.0,4.0,0.1971500234822276,2.7020833333333334,0.0,1
285,1081,2018-12-27T00:00:00Z,0.0,5.0,3.0,0.2032970544873198,4.617361111111111,0.0,1
286,1084,2018-12-28T00:00:00Z,0.0,3.0,2.0,0.0451235295950132,7.034027777777778,0.0,4
287,1087,2018-12-29T00:00:00Z,0.0,3.0,2.0,0.5111816725015808,8.322916666666666,0.0,1
288,1090,2018-12-30T00:00:00Z,0.0,3.0,3.0,0.9925208680891422,6.229861111111111,0.0,1
289,1093,2018-12-31T00:00:00Z,0.0,3.0,3.0,0.915881035855782,7.527083333333334,0.0,1
290,1096,2019-01-01T00:00:00Z,0.4,16.0,15.0,0.4931055724536355,2.5277777777777777,0.0,1
291,1099,2019-01-02T00:00:00Z,0.0,6.0,3.0,0.928331940880817,1.5805555555555555,0.0,4
292,1102,2019-01-03T00:00:00Z,0.2,17.0,15.0,2.200912317498183,-2.4125,0.0,1
293,1105,2019-01-04T00:00:00Z,0.1,17.0,15.0,0.7793293617661919,-1.3069444444444445,0.0,1
294,1108,2019-01-05T00:00:00Z,0.0,4.0,2.0,0.9847055265399922,4.01830985915493,0.0,1
295,1111,2019-01-06T00:00:00Z,0.0,3.0,2.0,1.3289333431275023,4.46875,0.0,1
296,1114,2019-01-07T00:00:00Z,0.0,12.0,8.0,0.4728199576074593,2.347916666666667,0.0,1
297,1117,2019-01-08T00:00:00Z,0.5,17.0,15.0,0.5826048349071037,1.3618055555555555,0.0,1
298,1120,2019-01-09T00:00:00Z,0.0,3.0,2.0,0.7894063591947763,-0.6458333333333334,0.0,1
299,1123,2019-01-10T00:00:00Z,0.0,4.0,2.0,0.0534353160379625,-2.2645833333333334,0.0,2
300,1126,2019-01-11T00:00:00Z,0.0,5.0,3.0,0.2466916745484216,-2.813194444444445,0.0,4
301,1129,2019-01-12T00:00:00Z,0.0,4.0,2.0,0.3576504517925729,3.1645833333333333,0.0,1
302,1132,2019-01-13T00:00:00Z,0.0,2.0,0.0,0.999079916551036,4.562237762237762,0.0,1
303,1135,2019-01-14T00:00:00Z,0.0,3.0,1.0,0.4922995926289267,2.6305555555555555,0.0,1
304,1138,2019-01-15T00:00:00Z,0.0,6.0,4.0,1.013916720251092,1.8270833333333332,0.0,1
305,1141,2019-01-16T00:00:00Z,0.0,12.0,5.0,0.3578594168764489,1.9326388888888888,0.6000000000000001,2
306,1144,2019-01-17T00:00:00Z,0.0,6.0,4.0,0.5797817736402463,0.9034722222222222,1.6,2
307,1147,2019-01-18T00:00:00Z,0.0,13.0,11.0,0.2069779438102593,-0.35,0.0,1
308,1150,2019-01-19T00:00:00Z,0.3,25.0,19.0,0.1481269026714257,-3.3652777777777776,0.0,1
309,1153,2019-01-20T00:00:00Z,0.1,19.0,16.0,0.1388522690395761,-4.26875,0.0,3
310,1156,2019-01-21T00:00:00Z,0.0,12.0,9.0,0.1351715697338674,-2.5819444444444444,0.0,1
311,1159,2019-01-22T00:00:00Z,0.0,19.0,15.0,0.3543932576898401,-3.1597222222222223,0.0,1
312,1162,2019-01-23T00:00:00Z,0.2,23.0,18.0,0.3687863960658395,-5.315972222222222,0.0,3
313,1165,2019-01-24T00:00:00Z,0.2,17.0,12.0,0.0839924297927524,-2.591666666666667,0.0,4
314,1168,2019-01-25T00:00:00Z,0.0,7.0,5.0,0.0932315892918146,-1.7618055555555556,0.0,1
315,1171,2019-01-26T00:00:00Z,0.1,4.0,5.0,0.8001095795249883,3.8097222222222222,0.0,1
316,1174,2019-01-27T00:00:00Z,0.0,12.0,9.0,0.4110667461927008,-0.55625,0.0,2
317,1177,2019-01-28T00:00:00Z,0.0,4.0,3.0,0.6005179434621714,-0.9388888888888888,0.0,4
318,1180,2019-01-29T00:00:00Z,0.0,5.0,4.0,0.2475563589988985,-1.5895833333333331,0.0,2
319,1183,2019-01-30T00:00:00Z,0.7,12.0,9.0,0.4724943292800574,-3.1777777777777776,0.0,3
320,1186,2019-01-31T00:00:00Z,1.1,18.0,15.0,0.5677599870823042,-3.611111111111111,0.0,3
321,1189,2019-02-01T00:00:00Z,1.5,12.0,9.0,0.96787871715456,-1.5763888888888888,41.2,3
322,1192,2019-02-02T00:00:00Z,1.0,6.0,4.0,0.8992663862745041,1.4552447552447552,14.6,2
323,1195,2019-02-03T00:00:00Z,0.3,3.0,2.0,0.4468691303769898,1.3381944444444445,0.0,1
324,1198,2019-02-04T00:00:00Z,0.0,7.0,5.0,0.3934072953704876,0.10625,0.0,1
325,1201,2019-02-05T00:00:00Z,0.1,7.0,4.0,0.0608912893567406,1.384027777777778,0.0,1
326,1204,2019-02-06T00:00:00Z,0.0,4.0,4.0,0.0596329036480203,3.3666666666666667,0.0,1
327,1207,2019-02-07T00:00:00Z,0.0,4.0,2.0,0.0151956182382287,2.935416666666667,0.0,4
328,1210,2019-02-08T00:00:00Z,0.1,9.0,7.0,0.6292572051527202,3.029861111111112,0.0,3
329,1213,2019-02-09T00:00:00Z,0.6,15.0,13.0,0.3664689300342176,2.127972027972028,0.0,1
330,1216,2019-02-10T00:00:00Z,1.1,8.0,7.0,0.8787388301652247,1.7854166666666669,9.4,2
331,1219,2019-02-11T00:00:00Z,0.1,3.0,2.0,1.53101241166038,0.20625,0.0,1
332,1222,2019-02-12T00:00:00Z,0.0,3.0,2.0,0.917417870323848,3.031944444444445,0.0,1
333,1225,2019-02-13T00:00:00Z,0.1,12.0,8.0,0.1086176229801049,1.899305555555556,0.0,4
334,1228,2019-02-14T00:00:00Z,0.1,6.0,4.0,0.197571424431723,6.941666666666666,0.0,1
335,1231,2019-02-15T00:00:00Z,0.0,11.0,10.0,0.476904859349085,7.904166666666667,0.0,1
336,1234,2019-02-16T00:00:00Z,1.1,17.0,12.0,0.0650263115795227,6.72027972027972,0.0,4
337,1237,2019-02-17T00:00:00Z,0.7,9.0,7.0,0.2123074044824159,7.733333333333333,0.0,4
338,1240,2019-02-18T00:00:00Z,1.0,18.0,14.0,0.1455576653859781,7.096527777777778,0.0,4
339,1243,2019-02-19T00:00:00Z,3.5,40.0,33.0,0.2833896678082735,3.69375,0.0,4
340,1246,2019-02-20T00:00:00Z,4.8,51.0,38.0,0.1488837331431474,3.922222222222222,0.0,4
341,1249,2019-02-21T00:00:00Z,3.8,42.0,23.0,0.4416530363224581,6.455244755244755,0.0,1
342,1252,2019-02-22T00:00:00Z,2.0,7.0,5.0,0.4541365674020163,9.139583333333333,0.0,1
343,1255,2019-02-23T00:00:00Z,2.3,29.0,22.0,1.0891604416746,1.89375,0.0,2
344,1258,2019-02-24T00:00:00Z,3.5,30.0,21.0,0.1803533002145136,1.2166666666666666,0.0,4
345,1261,2019-02-25T00:00:00Z,2.1,19.0,15.0,0.1226535675891768,7.168055555555555,0.0,1
346,1264,2019-02-26T00:00:00Z,2.1,8.0,6.0,0.078805584865879,10.66875,0.0,1
347,1267,2019-02-27T00:00:00Z,0.8,6.0,4.0,0.7709255363422545,12.011805555555556,0.0,3
348,1270,2019-02-28T00:00:00Z,2.2,14.0,11.0,0.4760377895680345,10.858333333333333,0.0,1
349,1273,2019-03-01T00:00:00Z,1.6,7.0,4.0,0.6314855402758026,8.521527777777777,0.0,4
350,1276,2019-03-02T00:00:00Z,0.9,8.0,6.0,0.1526522461339805,6.247916666666667,0.0,1
351,1279,2019-03-03T00:00:00Z,1.2,9.0,3.0,0.7311447892799029,7.044444444444444,0.0,3
352,1282,2019-03-04T00:00:00Z,3.2,12.0,7.0,0.4765527964944314,2.926388888888889,10.6,2
353,1285,2019-03-05T00:00:00Z,0.7,4.0,3.0,0.2753896675864973,5.175,0.0,1
354,1288,2019-03-06T00:00:00Z,1.3,13.0,6.0,0.6173506308153089,4.336805555555555,0.0,2
355,1291,2019-03-07T00:00:00Z,2.3,20.0,13.0,1.811585252805141,4.2027777777777775,42.0,3
356,1294,2019-03-08T00:00:00Z,2.3,26.0,19.0,0.4126096728870993,5.371527777777778,1.6,2
357,1297,2019-03-09T00:00:00Z,3.2,28.0,20.0,0.1736201302583885,6.169444444444444,0.0,1
358,1300,2019-03-10T00:00:00Z,2.6,13.0,8.0,0.1580244420467782,7.933333333333334,0.0,4
359,1303,2019-03-11T00:00:00Z,0.5,4.0,2.0,0.7846926034126575,3.1875,0.0,4
360,1306,2019-03-12T00:00:00Z,0.0,5.0,3.0,0.465992171001047,1.6993055555555556,0.0,3
361,1309,2019-03-13T00:00:00Z,0.1,6.0,4.0,0.5105630701314948,2.9571428571428573,0.0,4
362,1312,2019-03-14T00:00:00Z,0.1,5.0,3.0,0.6052339306176159,3.605555555555556,0.0,4
363,1315,2019-03-15T00:00:00Z,0.6,5.0,4.0,0.4247277988647415,8.620833333333334,0.0,1
364,1318,2019-03-16T00:00:00Z,0.3,4.0,4.0,0.3340468469554427,12.333333333333334,0.0,3
365,1321,2019-03-17T00:00:00Z,1.5,16.0,8.0,1.1273902206706106,5.781944444444444,5.0,3
366,1324,2019-03-18T00:00:00Z,0.4,3.0,3.0,0.6461312436524962,2.8524475524475523,14.8,1
367,1327,2019-03-19T00:00:00Z,0.2,10.0,7.0,0.7255270315903337,1.6854166666666666,0.0,2
368,1330,2019-03-20T00:00:00Z,1.9,18.0,15.0,0.416822005835135,1.9631944444444445,0.0,2
369,1336,2019-03-22T00:00:00Z,3.2,25.0,21.0,0.2247079796966485,9.044444444444444,0.0,4
370,1342,2019-03-24T00:00:00Z,3.4,19.0,15.0,0.5794066977891218,12.472916666666666,0.0,3
371,1345,2019-03-25T00:00:00Z,1.8,8.0,5.0,0.8177731802056192,10.022857142857143,0.0,4
372,1348,2019-03-26T00:00:00Z,0.5,9.0,6.0,1.2230156949758972,3.704861111111111,0.0,3
373,1351,2019-03-27T00:00:00Z,1.9,16.0,12.0,1.1617750390416617,3.345833333333333,0.0,3
374,1381,2019-04-06T00:00:00Z,3.3,20.0,20.0,0.980042520622856,5.231944444444444,0.2,2
375,1384,2019-04-07T00:00:00Z,1.8,13.0,11.0,1.0001803384224532,4.589583333333334,3.8,3
376,1387,2019-04-08T00:00:00Z,1.4,9.0,6.0,0.44830518388247,6.952083333333333,3.0,3
377,1390,2019-04-09T00:00:00Z,1.3,5.0,2.0,0.4153897522636767,6.511805555555555,12.0,1
378,1393,2019-04-10T00:00:00Z,1.2,7.0,5.0,0.3150004470264883,6.657638888888889,4.8,3
379,1396,2019-04-11T00:00:00Z,0.8,5.0,5.0,0.7675297118364666,5.865972222222222,1.0,3
380,1399,2019-04-12T00:00:00Z,0.6,10.0,9.0,0.9929126461515456,6.329861111111111,1.6,2
381,1402,2019-04-13T00:00:00Z,1.7,22.0,18.0,1.3079124495538244,4.81875,7.6,3
382,1405,2019-04-14T00:00:00Z,0.0,2.0,7.0,0.675635766936388,1.6090909090909091,12.2,1
383,1408,2019-04-15T00:00:00Z,0.1,8.0,5.0,0.4762385588926457,5.6402777777777775,0.0,2
384,1411,2019-04-16T00:00:00Z,1.7,23.0,20.0,0.3959109427536179,6.777777777777778,0.0,2
385,1414,2019-04-17T00:00:00Z,1.1,15.0,14.0,0.8022578508915338,9.310416666666669,0.0,3
386,1417,2019-04-18T00:00:00Z,3.3,32.0,28.0,0.993181131301282,9.335416666666667,0.0,3
387,1420,2019-04-19T00:00:00Z,2.5,23.0,20.0,0.3548828553263132,9.59375,2.8,2
388,1426,2019-04-21T00:00:00Z,2.3,18.0,14.0,1.1753909376814664,11.801388888888887,0.0,3
389,1429,2019-04-22T00:00:00Z,2.8,20.0,14.0,1.8680898438054312,9.521527777777775,0.0,3
390,1432,2019-04-23T00:00:00Z,1.3,14.0,7.0,1.439557025697063,7.590972222222222,31.2,3
391,1435,2019-04-24T00:00:00Z,0.1,18.0,15.0,1.487519329782386,9.040972222222225,69.6,3
392,1438,2019-04-25T00:00:00Z,0.0,10.0,6.0,0.7581460657242755,8.977777777777778,4.0,3
393,1441,2019-04-26T00:00:00Z,0.0,14.0,7.0,1.4697561833251165,7.852777777777778,34.0,4
394,1444,2019-04-27T00:00:00Z,0.0,1.0,1.0,0.2773177262907426,9.430555555555555,0.2,4
395,1447,2019-04-28T00:00:00Z,0.0,10.0,11.0,1.075704838441133,7.554166666666666,0.0,4
396,1453,2019-04-30T00:00:00Z,0.0,4.0,4.0,0.3782738000996179,10.709722222222222,0.0,4
397,1456,2019-05-01T00:00:00Z,0.9,15.0,9.0,0.6612792165278425,11.391608391608392,0.0,2
398,1459,2019-05-02T00:00:00Z,1.1,16.0,17.0,1.3113544592791642,10.026388888888889,19.0,3
399,1462,2019-05-03T00:00:00Z,0.0,4.0,4.0,0.6565872213725459,7.450694444444444,2.0,2
400,1465,2019-05-04T00:00:00Z,0.0,6.0,3.0,0.8556433215690559,7.203496503496504,6.6000000000000005,3
401,1468,2019-05-05T00:00:00Z,0.0,2.0,10.0,1.4697901883982118,2.948611111111111,3.6,4
402,1471,2019-05-06T00:00:00Z,0.0,4.0,1.0,0.362417274385905,6.18125,0.0,1
403,1474,2019-05-07T00:00:00Z,0.2,15.0,13.0,1.1879480258048762,7.069444444444445,0.0,3
404,1477,2019-05-08T00:00:00Z,0.5,13.0,11.0,0.6869544950333512,4.861805555555556,18.0,2
405,1480,2019-05-09T00:00:00Z,0.0,7.0,7.0,0.5208789585972345,8.113888888888889,3.2,4
406,1483,2019-05-10T00:00:00Z,1.4,19.0,12.0,1.1786154821912451,10.841666666666669,0.0,3
407,1486,2019-05-11T00:00:00Z,2.3,20.0,16.0,0.7106271656244224,9.002097902097901,9.4,2
408,1489,2019-05-12T00:00:00Z,0.0,3.0,2.0,0.6843533626225873,8.278472222222222,0.0,1
409,1492,2019-05-13T00:00:00Z,0.0,10.0,8.0,0.5133182308917009,10.497916666666669,0.0,4
410,1549,2019-06-01T00:00:00Z,9.7,16.0,11.0,1.2428754176648105,15.884722222222225,0.0,3
411,1552,2019-06-02T00:00:00Z,11.7,18.0,14.0,1.505611006544207,18.25486111111111,0.0,3
412,1555,2019-06-03T00:00:00Z,16.1,22.0,17.0,0.997207817249025,19.325694444444444,0.0,3
413,1558,2019-06-04T00:00:00Z,14.9,27.0,20.0,0.7246815428545891,19.03263888888889,0.0,2
414,1561,2019-06-05T00:00:00Z,20.2,40.0,30.0,1.142559894868414,18.255944055944056,2.8,3
415,1564,2019-06-06T00:00:00Z,19.1,22.0,16.0,1.0081648732323791,14.272916666666667,3.2,3
416,1567,2019-06-07T00:00:00Z,17.5,25.0,17.0,1.4331018402074036,14.694444444444445,0.0,3
417,1570,2019-06-08T00:00:00Z,17.3,21.0,13.0,1.3873332030696048,16.604861111111113,0.0,3
418,1573,2019-06-09T00:00:00Z,17.2,26.0,16.0,0.5730012620816992,16.50486111111111,5.2,3
419,1576,2019-06-10T00:00:00Z,14.3,31.0,16.0,1.6928547355018786,17.74513888888889,1.8,3
420,1579,2019-06-11T00:00:00Z,17.5,39.0,20.0,1.9664570036402085,16.913888888888888,34.8,3
421,1582,2019-06-12T00:00:00Z,15.6,31.0,14.0,2.5760815235655548,16.508333333333333,18.8,3
422,1585,2019-06-13T00:00:00Z,8.7,11.0,8.0,1.050635418768594,15.692361111111111,0.0,3
423,1588,2019-06-14T00:00:00Z,9.1,14.0,7.0,0.4509827238386541,18.271527777777777,0.6000000000000001,3
424,1591,2019-06-15T00:00:00Z,11.4,28.0,12.0,1.9072454195086528,18.488888888888887,0.0,3
425,1594,2019-06-16T00:00:00Z,9.3,14.0,7.0,0.3376988764654418,18.91875,0.0,4
426,1597,2019-06-17T00:00:00Z,7.8,16.0,7.0,0.2193679439493939,19.37013888888889,0.2,2
427,1600,2019-06-18T00:00:00Z,12.1,24.0,14.0,0.7020551359236376,19.65486111111111,0.2,2
428,1603,2019-06-19T00:00:00Z,11.9,26.0,19.0,0.7991928505150856,19.75454545454545,0.0,3
429,1606,2019-06-20T00:00:00Z,12.3,25.0,17.0,0.9344810217043492,18.67222222222222,0.0,3
430,1609,2019-06-21T00:00:00Z,10.4,28.0,17.0,0.916659509652162,18.54930555555556,0.0,3
431,1612,2019-06-22T00:00:00Z,10.8,13.0,8.0,0.3037053928191687,14.977083333333333,41.8,2
432,1615,2019-06-23T00:00:00Z,8.6,6.0,3.0,0.6369485875006822,18.084027777777777,0.0,3
433,1618,2019-06-24T00:00:00Z,9.4,18.0,13.0,0.7988646519799087,20.897916666666667,0.0,3
434,1621,2019-06-25T00:00:00Z,16.4,43.0,31.0,0.5281276371572203,22.334027777777777,0.0,2
435,1627,2019-06-27T00:00:00Z,13.3,37.0,27.0,0.354983576445222,26.959027777777777,0.0,4
436,1630,2019-06-28T00:00:00Z,12.3,49.0,32.0,1.152164465333532,25.727083333333333,0.0,3
437,1633,2019-06-29T00:00:00Z,14.8,42.0,21.0,1.1665736686619557,22.57986111111111,0.0,3
438,1636,2019-06-30T00:00:00Z,13.5,40.0,23.0,1.064787422506241,22.665972222222223,0.0,3
439,1639,2019-07-01T00:00:00Z,12.0,26.0,20.0,0.1861749309813015,21.760416666666668,5.0,1
440,1642,2019-07-02T00:00:00Z,10.1,14.0,7.0,0.7151439414378309,22.36458333333333,0.0,3
441,1645,2019-07-03T00:00:00Z,11.0,20.0,14.0,0.7105106977261328,20.91180555555556,2.4,2
442,1648,2019-07-04T00:00:00Z,9.6,13.0,9.0,0.616598542399512,19.634722222222223,0.0,3
443,1651,2019-07-05T00:00:00Z,10.1,16.0,13.0,0.1995729150222444,21.569444444444443,0.0,1
444,1654,2019-07-06T00:00:00Z,9.2,21.0,13.0,0.9602355917379318,21.750694444444445,1.2000000000000002,3
445,1657,2019-07-07T00:00:00Z,7.6,13.0,10.0,0.634345564465998,21.575694444444444,0.0,4
446,1660,2019-07-08T00:00:00Z,7.3,10.0,8.0,0.7376393199893797,20.82847222222222,0.0,4
447,1663,2019-07-09T00:00:00Z,8.0,17.0,13.0,0.7695612289579374,18.821527777777774,5.4,2
448,1666,2019-07-10T00:00:00Z,7.6,18.0,12.0,1.0675900038789734,17.652083333333334,0.0,2
449,1669,2019-07-11T00:00:00Z,8.6,20.0,13.0,0.7149381158176461,16.36111111111111,0.0,3
450,1672,2019-07-12T00:00:00Z,8.7,22.0,16.0,0.8488629760603422,18.35902777777778,0.0,3
451,1675,2019-07-13T00:00:00Z,6.8,9.0,8.0,0.8316604328620744,18.927777777777777,0.0,4
452,1678,2019-07-14T00:00:00Z,5.8,10.0,9.0,1.468608353968961,17.569444444444443,4.2,3
453,1681,2019-07-15T00:00:00Z,6.7,7.0,2.0,0.3349559182084444,13.197222222222225,35.4,3
454,1684,2019-07-16T00:00:00Z,6.5,11.0,9.0,1.2999588631191925,16.913888888888888,0.0,3
455,1687,2019-07-17T00:00:00Z,6.7,14.0,10.0,0.7666187626441923,18.72013888888889,0.0,3
456,1696,2019-07-20T00:00:00Z,8.2,28.0,28.0,0.1841617515949457,19.84930555555556,0.0,2
457,1699,2019-07-21T00:00:00Z,8.7,23.0,17.0,0.3668758263739847,22.053472222222226,0.0,3
458,1702,2019-07-22T00:00:00Z,9.8,32.0,24.0,0.78373546311343,22.68308823529412,0.0,3
459,1705,2019-07-23T00:00:00Z,9.6,43.0,34.0,1.2420006068542475,23.102777777777774,0.0,3
460,1708,2019-07-24T00:00:00Z,10.4,48.0,38.0,0.5850327158544835,24.23958333333333,0.8,2
461,1711,2019-07-25T00:00:00Z,11.1,42.0,33.0,0.909503449769742,24.67163120567376,0.0,3
462,1714,2019-07-26T00:00:00Z,9.5,21.0,15.0,0.721825145204015,23.086111111111112,3.6,3
463,1717,2019-07-27T00:00:00Z,7.6,11.0,7.0,0.9672570519149464,17.7375,30.4,2
464,1729,2019-07-31T00:00:00Z,6.9,13.0,12.0,0.5125397444677996,19.35,9.2,2
465,1732,2019-08-01T00:00:00Z,7.5,18.0,13.0,1.0618072946531634,20.115972222222226,0.0,3
466,1735,2019-08-02T00:00:00Z,5.2,10.0,8.0,0.6098838269714671,16.673426573426575,36.6,1
467,1738,2019-08-03T00:00:00Z,5.4,9.0,6.0,0.0990344487679566,19.26875,0.0,1
468,1741,2019-08-04T00:00:00Z,5.9,10.0,8.0,1.068083526223085,19.478472222222223,0.0,3
469,1744,2019-08-05T00:00:00Z,7.8,20.0,15.0,0.4131871624046607,20.45347222222222,0.0,3
470,1747,2019-08-06T00:00:00Z,8.4,25.0,18.0,0.8770266943592516,19.552777777777777,41.2,3
471,1750,2019-08-07T00:00:00Z,6.5,6.0,5.0,0.6059991454831577,16.808333333333334,34.2,2
472,1753,2019-08-08T00:00:00Z,6.6,6.0,4.0,0.7182191350935188,19.696527777777774,0.0,3
473,1756,2019-08-09T00:00:00Z,6.5,15.0,9.0,0.4853748405602197,21.05763888888889,0.0,3
474,1759,2019-08-10T00:00:00Z,6.2,25.0,15.0,0.5015448548382038,22.28472222222222,0.0,2
475,1762,2019-08-11T00:00:00Z,6.4,27.0,19.0,0.2444339529335559,21.58888888888889,0.2,1
476,1765,2019-08-12T00:00:00Z,6.3,17.0,11.0,0.5421494827310679,19.663888888888888,4.2,3
477,1768,2019-08-13T00:00:00Z,5.6,10.0,4.0,0.1507091505137129,18.27986111111111,0.0,4
478,1771,2019-08-14T00:00:00Z,5.3,5.0,2.0,0.2148746655232869,16.615972222222222,0.0,3
479,1774,2019-08-15T00:00:00Z,5.5,10.0,6.0,0.4149500197279686,16.408333333333335,0.0,2
480,1777,2019-08-16T00:00:00Z,5.3,8.0,6.0,0.7695249992899488,16.718055555555555,0.0,3
481,1780,2019-08-17T00:00:00Z,6.0,17.0,8.0,0.2842945590958009,17.67361111111111,0.0,2
482,1783,2019-08-18T00:00:00Z,7.1,18.0,13.0,0.6641552743478039,19.04652777777778,0.0,2
483,1786,2019-08-19T00:00:00Z,8.0,23.0,14.0,0.4694439892599122,19.304166666666667,0.4,2
484,1789,2019-08-20T00:00:00Z,7.3,13.0,7.0,0.8884891407912147,18.6625,7.0,2
485,1792,2019-08-21T00:00:00Z,6.9,13.0,9.0,0.715432574094071,20.03472222222222,0.2,3
486,1795,2019-08-22T00:00:00Z,5.6,6.0,4.0,0.4041872301737902,18.374305555555555,18.0,1
487,1798,2019-08-23T00:00:00Z,5.1,9.0,6.0,0.8261098436378229,17.77638888888889,1.0,2
488,1801,2019-08-24T00:00:00Z,4.3,11.0,11.0,0.3509019700995966,18.98125,0.2,2
489,1804,2019-08-25T00:00:00Z,4.3,12.0,8.0,0.5745996988683613,20.241958041958043,35.800000000000004,3
490,1807,2019-08-26T00:00:00Z,4.2,16.0,11.0,0.4529381821359969,21.36180555555556,0.2,2
491,1810,2019-08-27T00:00:00Z,4.8,27.0,18.0,0.2870336877779435,20.07638888888889,0.0,2
492,1813,2019-08-28T00:00:00Z,5.1,23.0,18.0,0.4004598826160736,18.79583333333333,3.4000000000000004,2
493,1816,2019-08-29T00:00:00Z,6.0,17.0,10.0,0.0615999185118362,20.54375,0.0,1
494,1819,2019-08-30T00:00:00Z,5.7,16.0,14.0,0.5953143641800391,20.435416666666665,22.4,2
495,1822,2019-08-31T00:00:00Z,4.3,11.0,10.0,0.5816462551628095,19.075524475524475,0.6000000000000001,2
496,1825,2019-09-01T00:00:00Z,4.6,13.0,10.0,0.3452406075774858,20.066901408450704,0.0,2
497,1828,2019-09-02T00:00:00Z,3.8,8.0,6.0,0.5516466662790047,17.604861111111113,3.4000000000000004,1
498,1831,2019-09-03T00:00:00Z,4.1,11.0,10.0,0.5963096543301735,16.957638888888887,0.0,2
499,1834,2019-09-04T00:00:00Z,4.4,17.0,11.0,0.3512539455424587,15.97638888888889,0.0,3
500,1837,2019-09-05T00:00:00Z,4.8,17.0,12.0,0.3521872015677783,14.919444444444444,10.0,2
501,1840,2019-09-06T00:00:00Z,3.6,4.0,5.0,0.2350865443725041,11.092361111111112,24.2,2
502,1843,2019-09-07T00:00:00Z,3.6,4.0,4.0,0.4322490902223048,12.847916666666666,0.4,3
503,1846,2019-09-08T00:00:00Z,2.5,4.0,3.0,0.1543619905038453,9.868055555555555,46.4,1
504,1849,2019-09-09T00:00:00Z,1.5,5.0,3.0,0.2364750875554747,12.125,0.0,2
505,1852,2019-09-10T00:00:00Z,2.7,12.0,6.0,0.5863285794325533,12.380555555555556,0.0,2
506,1855,2019-09-11T00:00:00Z,3.0,14.0,10.0,0.1709736800472172,14.86736111111111,0.0,1
507,1858,2019-09-12T00:00:00Z,3.2,21.0,8.0,0.4451908489067617,17.130370370370372,0.0,3
508,1861,2019-09-13T00:00:00Z,5.2,41.0,27.0,0.2257339109884569,17.07986111111111,0.0,1
509,1864,2019-09-14T00:00:00Z,6.2,40.0,32.0,0.9665940897236168,18.089583333333334,0.0,3
510,1867,2019-09-15T00:00:00Z,10.7,47.0,35.0,0.2179847528283214,17.724305555555556,0.0,2
511,1873,2019-09-17T00:00:00Z,10.3,34.0,20.0,0.3193965278009287,19.397222222222226,0.0,1
512,1879,2019-09-19T00:00:00Z,7.6,10.0,4.0,0.9994649381965368,13.94513888888889,4.4,3
513,1882,2019-09-20T00:00:00Z,7.4,19.0,9.0,1.0666949598414326,10.290972222222225,0.0,2
514,1885,2019-09-21T00:00:00Z,7.0,19.0,14.0,0.7181522949179246,11.113194444444444,0.0,2
515,1888,2019-09-22T00:00:00Z,7.0,14.0,12.0,0.2670895458700301,10.415277777777778,1.8,2
516,1891,2019-09-23T00:00:00Z,6.6,2.0,1.0,0.426217262238357,12.636805555555556,7.6,1
517,1894,2019-09-24T00:00:00Z,5.3,2.0,2.0,0.2172790737541649,13.255555555555556,0.0,2
518,1897,2019-09-25T00:00:00Z,5.9,12.0,17.0,0.4658272662235227,13.425,0.0,2
519,1900,2019-09-26T00:00:00Z,6.6,30.0,22.0,0.1548474363609412,13.981944444444444,0.0,2
520,1903,2019-09-27T00:00:00Z,7.3,42.0,34.0,0.0724864185220275,14.344444444444443,0.0,2
521,1906,2019-09-28T00:00:00Z,7.6,23.0,15.0,0.8178841196671583,15.067361111111111,1.8,3
522,1909,2019-09-29T00:00:00Z,7.6,18.0,9.0,0.1399896855273211,14.324305555555556,0.0,1
523,1912,2019-09-30T00:00:00Z,7.6,16.0,11.0,0.2871894958211044,16.005555555555556,0.0,2
524,1915,2019-10-01T00:00:00Z,7.5,27.0,16.0,0.620825347749253,15.325,0.6000000000000001,2
525,1918,2019-10-02T00:00:00Z,5.9,3.0,2.0,0.3086731603714674,13.752083333333331,24.4,1
526,1921,2019-10-03T00:00:00Z,4.1,9.0,8.0,0.5072681033687413,9.816666666666666,0.0,3
527,1924,2019-10-04T00:00:00Z,6.7,15.0,12.0,0.3985387081529479,8.70138888888889,0.0,3
528,1930,2019-10-06T00:00:00Z,6.2,28.0,19.0,0.712768924181255,10.116666666666667,3.8,3
529,1933,2019-10-07T00:00:00Z,6.7,5.0,4.0,0.2593377092907003,10.349305555555556,9.6,1
530,1936,2019-10-08T00:00:00Z,6.8,22.0,19.0,0.4243079114832737,9.04375,0.0,2
531,1939,2019-10-09T00:00:00Z,6.3,10.0,7.0,0.5059608441525609,8.730555555555556,5.2,2
532,1942,2019-10-10T00:00:00Z,4.3,2.0,2.0,0.652960818759224,10.704166666666667,0.0,1
533,1945,2019-10-11T00:00:00Z,5.3,16.0,12.0,0.0925908306869117,10.165972222222225,0.0,2
534,1948,2019-10-12T00:00:00Z,5.7,18.0,13.0,0.0813196396821021,10.825,0.0,1
535,1951,2019-10-13T00:00:00Z,5.8,17.0,13.0,0.1698695761575556,11.728472222222225,0.0,4
536,1954,2019-10-14T00:00:00Z,5.7,18.0,12.0,0.172207296983289,13.074305555555556,0.0,1
537,1957,2019-10-15T00:00:00Z,5.1,12.0,8.0,0.5307015660772719,12.058333333333334,59.6,2
538,1960,2019-10-16T00:00:00Z,3.8,5.0,3.0,0.3310382220179431,10.338888888888889,1.6,2
539,1966,2019-10-18T00:00:00Z,2.5,22.0,14.0,0.4777016481658159,10.177777777777775,1.2000000000000002,2
540,1972,2019-10-20T00:00:00Z,1.7,5.0,3.0,1.137000866768854,12.44513888888889,20.8,2
541,1975,2019-10-21T00:00:00Z,1.5,10.0,3.0,1.6855143086773106,13.479861111111113,73.8,2
542,1978,2019-10-22T00:00:00Z,1.5,10.0,2.0,0.4641685043443069,14.896527777777775,0.0,2
543,1981,2019-10-23T00:00:00Z,1.2,21.0,7.0,1.050071368023958,14.439583333333331,0.0,3
544,1984,2019-10-24T00:00:00Z,0.9,11.0,7.0,0.972250986812352,10.855555555555556,20.6,2
545,1987,2019-10-25T00:00:00Z,0.8,5.0,3.0,0.23719103307267,12.946527777777778,0.0,2
546,1990,2019-10-26T00:00:00Z,0.8,9.0,6.0,0.2686802178876253,13.760416666666666,0.0,1
547,1993,2019-10-27T00:00:00Z,0.4,6.0,3.0,0.1222375108383355,15.197916666666666,0.0,2
548,1996,2019-10-28T00:00:00Z,1.7,24.0,18.0,0.4277191360339225,12.897916666666667,1.8,3
549,1999,2019-10-29T00:00:00Z,3.0,17.0,12.0,0.1131043243315242,11.7,4.2,3
550,2002,2019-10-30T00:00:00Z,3.5,13.0,8.0,0.747372283099166,10.415277777777778,0.2,3
551,2005,2019-10-31T00:00:00Z,3.5,4.0,2.0,0.2869360327093167,7.644444444444445,0.0,3
552,2008,2019-11-01T00:00:00Z,2.8,10.0,7.0,0.106777285637065,6.920833333333333,0.0,4
553,2011,2019-11-02T00:00:00Z,3.4,7.0,4.0,0.3662865501302789,7.052777777777778,2.2,3
554,2014,2019-11-03T00:00:00Z,2.3,3.0,2.0,0.7862952599006774,8.40625,64.4,3
555,2017,2019-11-04T00:00:00Z,0.5,4.0,3.0,0.3996593906263799,8.394444444444444,5.2,2
556,2020,2019-11-05T00:00:00Z,1.2,0.0,0.0,0.5671705890662359,7.909722222222222,27.8,3
557,2023,2019-11-06T00:00:00Z,0.2,3.0,2.0,0.604457899885248,4.621527777777778,7.8,2
558,2026,2019-11-07T00:00:00Z,0.0,4.0,1.0,0.724665639705184,3.560416666666667,11.8,2
559,2029,2019-11-08T00:00:00Z,0.0,1.0,2.0,1.3250116323338663,3.301388888888889,27.2,2
560,2032,2019-11-09T00:00:00Z,0.1,5.0,6.0,0.2484047365344383,3.863888888888889,0.0,2
561,2035,2019-11-10T00:00:00Z,0.1,5.0,5.0,0.374147281324742,3.0680555555555555,0.0,2
562,2038,2019-11-11T00:00:00Z,0.2,6.0,5.0,0.3074598571648627,2.55625,21.6,3
563,2041,2019-11-12T00:00:00Z,0.1,0.0,3.0,0.1819221529007267,3.682638888888889,20.2,1
564,2044,2019-11-13T00:00:00Z,0.0,2.0,4.0,0.2822352186293933,2.5569444444444445,0.0,4
565,2047,2019-11-14T00:00:00Z,0.0,5.0,3.0,1.217337332929262,2.342361111111111,0.0,3
566,2050,2019-11-15T00:00:00Z,0.0,2.0,0.0,0.8504075676181054,3.7847222222222223,43.6,3
567,2053,2019-11-16T00:00:00Z,0.0,2.0,0.0,0.5021710820037724,2.9138888888888888,6.0,3
568,2056,2019-11-17T00:00:00Z,0.1,2.0,2.0,0.3379433913395934,2.8375,23.2,3
569,2059,2019-11-18T00:00:00Z,0.0,4.0,3.0,0.3476826892450808,1.7104166666666667,4.8,2
570,2062,2019-11-19T00:00:00Z,0.0,2.0,1.0,0.5776794425714209,3.951388888888889,37.6,2
571,2065,2019-11-20T00:00:00Z,0.0,3.0,0.0,0.0964049245973835,6.627777777777778,3.0,2
572,2068,2019-11-21T00:00:00Z,0.0,4.0,2.0,0.7386825855643138,5.478472222222222,2.6,2
573,2071,2019-11-22T00:00:00Z,0.0,3.0,2.0,0.6930541195868706,3.983333333333333,42.8,3
574,2074,2019-11-23T00:00:00Z,0.0,2.0,0.0,2.675489682590246,5.5465277777777775,83.8,3
575,2077,2019-11-24T00:00:00Z,0.0,0.0,0.0,1.1849954662634732,7.009722222222222,16.2,3
576,2080,2019-11-25T00:00:00Z,0.0,3.0,1.0,0.1911438265575341,9.077777777777778,0.0,1
577,2083,2019-11-26T00:00:00Z,0.0,5.0,2.0,0.3204650121150468,8.1125,0.0,2
578,2086,2019-11-27T00:00:00Z,0.1,1.0,1.0,0.5633606238894643,5.984722222222223,33.4,2
579,2089,2019-11-28T00:00:00Z,0.0,2.0,4.0,0.1729602515852139,5.03125,0.0,1
580,2095,2019-11-30T00:00:00Z,0.2,6.0,8.0,0.4290663222673012,4.694444444444445,0.0,1
581,2098,2019-12-01T00:00:00Z,0.1,8.0,5.0,0.3202814253994563,1.68125,20.0,2
582,2104,2019-12-03T00:00:00Z,0.7,9.0,6.0,0.0377511951700499,1.6402777777777775,0.0,1
583,2107,2019-12-04T00:00:00Z,2.2,15.0,18.0,0.4666560649522785,1.0625,0.0,1
584,2110,2019-12-05T00:00:00Z,0.3,7.0,6.0,0.2216160423376335,2.480555555555556,0.0,1
585,2113,2019-12-06T00:00:00Z,0.0,5.0,5.0,0.2077860880338601,3.0506944444444444,0.0,2
586,2116,2019-12-07T00:00:00Z,0.0,5.0,2.0,0.2186521631544849,4.329861111111111,0.0,1
587,2125,2019-12-10T00:00:00Z,0.0,2.0,4.0,0.4656539256555688,2.536111111111111,0.0,2
588,2128,2019-12-11T00:00:00Z,0.1,8.0,8.0,0.0968309322493178,-0.4270833333333333,0.0,4
589,2131,2019-12-12T00:00:00Z,3.0,9.0,6.0,0.0838243839368466,-2.5729166666666665,5.0,4
590,2134,2019-12-13T00:00:00Z,0.2,4.0,3.0,0.4568848859508641,-1.7493055555555554,5.4,1
591,2137,2019-12-14T00:00:00Z,0.0,3.0,1.0,0.9848770885065964,4.41875,0.0,1
592,2146,2019-12-17T00:00:00Z,0.0,10.0,3.0,0.8469988916995436,6.95,28.4,3
593,2149,2019-12-18T00:00:00Z,0.0,3.0,1.0,0.8885573471696868,7.909722222222222,19.2,3
594,2152,2019-12-19T00:00:00Z,0.0,7.0,3.0,0.8870141377192139,6.792361111111111,5.6000000000000005,3
595,2155,2019-12-20T00:00:00Z,0.0,5.0,1.0,0.5773717559014323,6.019444444444444,97.8,3
596,2158,2019-12-21T00:00:00Z,0.0,5.0,5.0,0.3209124392133921,5.880555555555556,27.0,2
597,2167,2019-12-24T00:00:00Z,0.0,4.0,6.0,0.6821465516660966,5.086805555555555,0.0,1
598,2170,2019-12-25T00:00:00Z,0.0,3.0,2.0,1.243127072473562,5.63986013986014,0.0,1
599,2176,2019-12-27T00:00:00Z,0.0,4.0,1.0,0.5655562353190969,4.446527777777778,0.0,1
600,2179,2019-12-28T00:00:00Z,0.0,9.0,7.0,0.7920559385396626,1.8,0.0,1
601,2182,2019-12-29T00:00:00Z,0.1,6.0,18.0,0.0417497211965261,0.6298611111111111,0.0,1
602,2185,2019-12-30T00:00:00Z,0.0,7.0,6.0,0.0724025625979462,1.80625,0.0,2
603,2188,2019-12-31T00:00:00Z,0.0,4.0,3.0,0.1256789213023447,7.0125,0.0,1
604,2191,2020-01-01T00:00:00Z,0.0,4.0,2.0,0.1160624236866697,6.61875,0.0,3
605,2194,2020-01-02T00:00:00Z,0.0,8.0,4.0,0.240599074473099,4.280555555555556,0.0,2
606,2197,2020-01-03T00:00:00Z,0.0,4.0,3.0,0.2188628687971473,3.7513888888888887,0.0,1
607,2200,2020-01-04T00:00:00Z,0.0,1.0,4.0,0.8073199240509344,6.954166666666667,0.0,1
608,2203,2020-01-05T00:00:00Z,0.0,4.0,4.0,0.316266410162768,5.461805555555555,0.0,2
609,2206,2020-01-06T00:00:00Z,0.5,16.0,12.0,0.2803930709498775,0.4423611111111111,0.0,1
610,2212,2020-01-08T00:00:00Z,0.0,3.0,4.0,0.1189751497904555,4.153472222222222,0.0,1
611,2215,2020-01-09T00:00:00Z,0.1,7.0,3.0,0.1369395789865477,4.385416666666667,0.0,1
612,2218,2020-01-10T00:00:00Z,0.0,6.0,2.0,0.3266216561183292,2.2375,0.0,1
613,2221,2020-01-11T00:00:00Z,0.0,3.0,0.0,0.2655886611912639,4.149305555555555,0.0,2
614,2224,2020-01-12T00:00:00Z,0.0,5.0,4.0,0.2763678938412596,2.1958333333333333,0.0,2
615,2227,2020-01-13T00:00:00Z,0.5,11.0,10.0,0.3076590991225461,1.8930555555555555,0.0,2
616,2230,2020-01-14T00:00:00Z,0.0,6.0,4.0,0.2054290137857715,1.4145833333333333,0.0,2
617,2233,2020-01-15T00:00:00Z,0.1,6.0,4.0,0.4759773191107669,3.186111111111111,0.0,1
618,2236,2020-01-16T00:00:00Z,0.0,5.0,5.0,0.2547494667916564,3.3319444444444444,0.0,2
619,2239,2020-01-17T00:00:00Z,0.0,7.0,5.0,0.2049844026942026,2.899305555555556,0.0,2
620,2242,2020-01-18T00:00:00Z,0.0,4.0,3.0,0.6036142412314641,1.5888888888888888,7.6,1
621,2245,2020-01-19T00:00:00Z,0.0,1.0,2.0,0.0783321167068326,-1.1555555555555554,0.0,3
622,2248,2020-01-20T00:00:00Z,0.0,6.0,4.0,0.1157666199593309,-2.384027777777778,0.0,4
623,2251,2020-01-21T00:00:00Z,0.0,6.0,5.0,0.1068594622814644,0.6333333333333333,0.0,1
624,2254,2020-01-22T00:00:00Z,0.0,4.0,3.0,0.0809226943508346,4.872916666666667,0.0,1
625,2257,2020-01-23T00:00:00Z,0.9,12.0,10.0,0.1125165921615687,3.763888888888889,0.0,4
626,2260,2020-01-24T00:00:00Z,0.2,9.0,10.0,0.4059465194606689,3.3604166666666666,0.0,2
627,2263,2020-01-25T00:00:00Z,0.8,18.0,15.0,0.0868629983198389,1.4743055555555555,0.0,4
628,2266,2020-01-26T00:00:00Z,1.2,20.0,19.0,0.0226829967902015,2.488111888111888,0.0,1
629,2269,2020-01-27T00:00:00Z,1.0,18.0,11.0,0.3613267931602232,2.7729166666666667,1.0,2
630,2272,2020-01-28T00:00:00Z,0.5,8.0,7.0,0.3443245589214578,2.290277777777778,1.2000000000000002,2
631,2275,2020-01-29T00:00:00Z,0.0,3.0,2.0,0.4662306408899197,2.584722222222222,0.0,4
632,2278,2020-01-30T00:00:00Z,0.1,4.0,3.0,0.0646142636694009,4.024305555555555,0.0,1
633,2281,2020-01-31T00:00:00Z,0.3,9.0,7.0,0.4676885371115541,4.229861111111111,0.0,1
634,2284,2020-02-01T00:00:00Z,0.0,6.0,5.0,0.2889428173259276,4.779861111111111,0.0,1
635,2287,2020-02-02T00:00:00Z,0.4,8.0,6.0,0.2432772692231981,7.513888888888889,0.0,1
636,2290,2020-02-03T00:00:00Z,0.0,15.0,10.0,1.0120718495717442,11.585314685314684,0.0,4
637,2293,2020-02-04T00:00:00Z,0.1,14.0,8.0,1.1576042741954442,4.273611111111111,0.0,4
638,2296,2020-02-05T00:00:00Z,0.0,1.0,4.0,1.2199897315326826,0.8375,0.0,1
639,2299,2020-02-06T00:00:00Z,0.0,7.0,5.0,0.0827931312203908,1.5555555555555556,0.0,1
640,2302,2020-02-07T00:00:00Z,0.5,9.0,9.0,0.2168045446746144,3.422222222222222,0.0,1
641,2305,2020-02-08T00:00:00Z,2.9,31.0,31.0,0.1631357954978542,1.413888888888889,0.0,1
642,2308,2020-02-09T00:00:00Z,6.2,40.0,35.0,0.210046096861479,1.8076388888888888,0.0,1
643,2311,2020-02-10T00:00:00Z,3.7,8.0,6.0,0.4797828756348465,5.34375,0.0,1
644,2314,2020-02-11T00:00:00Z,0.4,2.0,2.0,2.448222360169947,6.778321678321678,0.0,4
645,2317,2020-02-12T00:00:00Z,0.0,0.0,0.0,0.1819733395141161,2.83125,0.0,1
646,2320,2020-02-13T00:00:00Z,0.4,0.0,0.0,0.4276119820120518,2.3451388888888887,2.0,2
647,2323,2020-02-14T00:00:00Z,0.2,4.0,3.0,0.5223175317001484,4.607638888888889,0.0,1
648,2326,2020-02-15T00:00:00Z,0.5,11.0,8.0,0.227640656971136,5.608333333333333,0.0,1
649,2329,2020-02-16T00:00:00Z,2.9,31.0,26.0,0.0338625786228824,4.808333333333334,0.0,1
650,2332,2020-02-17T00:00:00Z,3.7,7.0,7.0,0.2586398978183904,5.0875,0.0,1
651,2335,2020-02-18T00:00:00Z,2.3,9.0,8.0,0.091723731803125,5.822916666666667,0.0,1
652,2338,2020-02-19T00:00:00Z,3.8,23.0,21.0,0.2175945255464199,3.470833333333333,0.0,2
653,2341,2020-02-20T00:00:00Z,1.2,6.0,7.0,0.2507754123702354,2.910416666666667,0.0,2
654,2344,2020-02-21T00:00:00Z,1.2,8.0,7.0,0.4678865366147782,6.117361111111111,0.0,1
655,2347,2020-02-22T00:00:00Z,5.1,33.0,29.0,0.2050152025320146,5.075524475524476,0.0,4
656,2350,2020-02-23T00:00:00Z,6.8,29.0,26.0,0.4986434304714909,8.814583333333333,0.0,1
657,2353,2020-02-24T00:00:00Z,6.7,15.0,13.0,0.5575807353387563,12.22638888888889,0.0,1
658,2356,2020-02-25T00:00:00Z,7.6,30.0,22.0,0.2167369383156126,4.847222222222222,0.0,1
659,2359,2020-02-26T00:00:00Z,3.4,7.0,7.0,0.8504474014217577,2.386805555555556,0.0,4
660,2362,2020-02-27T00:00:00Z,0.1,5.0,2.0,0.3182050019314404,-0.7076388888888889,0.0,4
661,2365,2020-02-28T00:00:00Z,0.0,5.0,8.0,0.3294751069491964,2.2263888888888888,0.0,2
662,2368,2020-02-29T00:00:00Z,0.3,10.0,7.0,0.4275700600469625,1.7513888888888889,0.2,3
663,2371,2020-03-01T00:00:00Z,1.8,6.0,7.0,0.2722146546439844,1.7118055555555556,1.2000000000000002,3
664,2377,2020-03-03T00:00:00Z,0.0,2.0,4.0,0.850584153262153,1.5125,6.4,1
665,2380,2020-03-04T00:00:00Z,0.2,6.0,5.0,0.23407225575456,2.303472222222222,0.0,2
666,2383,2020-03-05T00:00:00Z,3.3,15.0,18.0,0.2433473803668848,0.3902777777777778,9.4,3
667,2386,2020-03-06T00:00:00Z,2.2,5.0,5.0,0.2058361139223603,2.482638888888889,3.2,1
668,2389,2020-03-07T00:00:00Z,0.1,2.0,2.0,0.4909515310187163,3.7736111111111112,0.0,4
669,2392,2020-03-08T00:00:00Z,0.1,8.0,9.0,0.6565219178254819,2.75,0.0,3
670,2395,2020-03-09T00:00:00Z,0.9,12.0,10.0,0.1033760874792388,2.685416666666667,0.0,1
671,2398,2020-03-10T00:00:00Z,0.0,4.0,1.0,0.3755021582830393,4.906944444444444,0.0,4
672,2401,2020-03-11T00:00:00Z,1.2,5.0,5.0,0.6033214902672241,11.116666666666667,0.0,1
673,2404,2020-03-12T00:00:00Z,6.0,28.0,25.0,0.3253892618460138,6.273611111111111,0.0,4
674,2407,2020-03-13T00:00:00Z,5.5,21.0,17.0,0.3960496676891406,8.227777777777778,0.0,3
675,2410,2020-03-14T00:00:00Z,3.1,8.0,8.0,0.4921232307699924,3.707638888888889,27.0,3
676,2413,2020-03-15T00:00:00Z,1.3,9.0,7.0,0.0780584174308982,2.580555555555556,0.0,1
677,2416,2020-03-16T00:00:00Z,2.0,14.0,13.0,0.4644595643381668,4.436805555555556,0.0,3
678,2419,2020-03-17T00:00:00Z,5.0,25.0,24.0,0.5062145587692412,6.882517482517483,0.0,3
679,2422,2020-03-18T00:00:00Z,4.1,17.0,14.0,1.4215755405517032,8.969444444444445,0.0,3
680,2425,2020-03-19T00:00:00Z,5.3,23.0,21.0,0.8441669622831385,9.627083333333331,0.0,3
681,2428,2020-03-20T00:00:00Z,9.4,30.0,25.0,0.8298517395673313,8.111805555555556,1.2000000000000002,3
682,2431,2020-03-21T00:00:00Z,8.5,21.0,14.0,0.9183040357111422,8.004195804195804,0.0,3
683,2434,2020-03-22T00:00:00Z,8.4,20.0,16.0,0.7978364950133093,4.465972222222222,5.4,3
684,2437,2020-03-23T00:00:00Z,2.5,14.0,10.0,1.564933559159345,-2.259027777777778,0.0,3
685,2440,2020-03-24T00:00:00Z,2.0,16.0,10.0,0.4304340967457465,-0.7979166666666667,0.0,2
686,2443,2020-03-25T00:00:00Z,3.9,18.0,17.0,0.4827386374502872,-3.4125,2.0,2
687,2446,2020-03-26T00:00:00Z,3.9,21.0,16.0,0.2132038357461899,-1.613888888888889,0.0,4
688,2449,2020-03-27T00:00:00Z,4.8,21.0,16.0,0.5077378777730757,3.182638888888889,0.0,3
689,2452,2020-03-28T00:00:00Z,4.8,40.0,19.0,0.8893272124164713,7.1125,0.0,3
690,2455,2020-03-29T00:00:00Z,4.5,47.0,12.0,0.3279715369086859,6.766666666666667,3.0,2
691,2458,2020-03-30T00:00:00Z,3.8,16.0,10.0,0.9240607706560696,3.5541666666666667,12.6,3
692,2461,2020-03-31T00:00:00Z,1.7,5.0,5.0,1.2163760635690466,-1.2159722222222222,1.2000000000000002,3
693,2464,2020-04-01T00:00:00Z,1.8,14.0,16.0,0.8828472765115205,-1.3657342657342657,0.0,3
694,2467,2020-04-02T00:00:00Z,3.3,22.0,19.0,1.1029881198378362,1.7402777777777778,0.0,3
695,2470,2020-04-03T00:00:00Z,6.0,31.0,28.0,0.9994910887551616,5.159722222222222,0.0,3
696,2473,2020-04-04T00:00:00Z,8.4,35.0,31.0,1.1682712647359002,6.878472222222222,0.0,3
697,2476,2020-04-05T00:00:00Z,10.2,26.0,25.0,0.7804225494060778,8.168055555555556,0.0,2
698,2479,2020-04-06T00:00:00Z,8.1,23.0,24.0,0.6209788839094149,9.17986111111111,0.0,2
699,2482,2020-04-07T00:00:00Z,7.3,25.0,25.0,0.6238913384901762,10.708333333333334,0.0,2
700,2485,2020-04-08T00:00:00Z,9.7,30.0,27.0,1.218519597886875,10.634722222222225,0.0,3
701,2488,2020-04-09T00:00:00Z,9.5,26.0,27.0,1.3239927323921992,11.634027777777778,0.0,3
702,2491,2020-04-10T00:00:00Z,6.9,19.0,20.0,1.3028006210449703,13.092361111111112,0.0,3
703,2494,2020-04-11T00:00:00Z,5.3,16.0,18.0,1.2207567670002415,13.589583333333334,0.0,3
704,2497,2020-04-12T00:00:00Z,2.9,12.0,14.0,1.896104006152052,12.406944444444443,0.0,3
705,2500,2020-04-13T00:00:00Z,1.7,13.0,13.0,1.5233621729017963,10.907638888888888,0.0,3
706,2503,2020-04-14T00:00:00Z,2.1,13.0,17.0,0.2870516133578319,9.957638888888887,0.0,1
707,2533,2020-04-24T00:00:00Z,16.9,32.0,30.0,0.969928640842286,12.077083333333333,0.0,4
708,2536,2020-04-25T00:00:00Z,14.5,13.0,12.0,0.2978804540240223,13.63776223776224,0.0,3
709,2539,2020-04-26T00:00:00Z,13.4,15.0,13.0,0.6918625034392498,12.401388888888889,0.0,3
710,2542,2020-04-27T00:00:00Z,10.5,19.0,15.0,0.6799231265038812,10.649305555555555,1.0,2
711,2545,2020-04-28T00:00:00Z,8.5,8.0,6.0,0.8522439555196173,9.354861111111113,8.8,2
712,2548,2020-04-29T00:00:00Z,7.5,4.0,4.0,0.976853240260879,10.72638888888889,4.2,3
713,2551,2020-04-30T00:00:00Z,6.1,7.0,5.0,0.988195725133764,8.94965034965035,30.2,3
714,2554,2020-05-01T00:00:00Z,4.6,7.0,5.0,0.9624852814030684,8.92361111111111,0.0,2
715,2557,2020-05-02T00:00:00Z,4.3,3.0,6.0,0.1758710483821116,12.346527777777778,0.0,1
716,2560,2020-05-03T00:00:00Z,3.0,4.0,3.0,0.7690181799619742,11.603472222222225,0.0,2
717,2563,2020-05-04T00:00:00Z,5.9,12.0,10.0,1.0775622270015244,11.720138888888888,0.0,3
718,2566,2020-05-05T00:00:00Z,7.3,15.0,11.0,0.2117217333132743,12.283333333333331,0.0,1
719,2569,2020-05-06T00:00:00Z,7.5,16.0,13.0,1.480317708863301,12.493006993006992,0.0,3
720,2572,2020-05-07T00:00:00Z,8.9,20.0,16.0,1.060934707113648,12.51736111111111,0.0,3
721,2575,2020-05-08T00:00:00Z,9.7,22.0,19.0,0.3688245480573932,14.463888888888889,0.0,2
722,2578,2020-05-09T00:00:00Z,10.5,18.0,14.0,0.9556032691594736,15.069444444444445,0.0,3
723,2581,2020-05-10T00:00:00Z,9.5,17.0,12.0,0.9212759027561832,12.82638888888889,5.0,3
