IDStation,NameStation,Date,Wind_speed,Wind_direction,Temperature,Relative_humidity,Global_radiation,Rainfall
111,Cassina Valsassina Moggio,2014-01-01,0.44355433685879136,99,-0.33496503496503494,45.54545454545454,58.097902097902114,0
111,Cassina Valsassina Moggio,2014-01-02,0.3559151681656894,105,-0.4861111111111112,83.94444444444443,0,7.800000000000003
111,Cassina Valsassina Moggio,2014-01-03,0.20763066994255047,120,2.2205882352941173,87.04225352112677,30.514084507042224,0
111,Cassina Valsassina Moggio,2014-01-04,1.0249263595991391,175,2.1370629370629373,89.34965034965035,0.20279720279720267,35.80000000000001
111,Cassina Valsassina Moggio,2014-01-05,0.6667210983528825,94,2.4160839160839163,86.05594405594405,10.951048951048945,24.999999999999986
111,Cassina Valsassina Moggio,2014-01-06,0.2109516810957288,80,4.2555555555555555,66.17361111111113,46.53472222222226,0
111,Cassina Valsassina Moggio,2014-01-07,0.10025061256264907,54,3.9279720279720283,66.79020979020979,53.30769230769227,0
111,Cassina Valsassina Moggio,2014-01-08,0.5452453118524436,97,4.329166666666667,77.11111111111111,58.777777777777736,0
111,Cassina Valsassina Moggio,2014-01-09,0.1782576006402229,36,3.725694444444445,83.10416666666666,48.5694444444445,0
111,Cassina Valsassina Moggio,2014-01-10,0.38576715278731966,266,4.368055555555555,80.81944444444444,66.77083333333327,0
111,Cassina Valsassina Moggio,2014-01-11,0.19172414628809534,7,3.5430555555555556,83.71527777777777,16.118055555555568,0
111,Cassina Valsassina Moggio,2014-01-12,0.07289104220195279,68,4.997916666666667,56.805555555555564,75.48611111111101,0
111,Cassina Valsassina Moggio,2014-01-13,0.33638729300668796,250,1.5625,69.61111111111113,36.25,1.7999999999999998
111,Cassina Valsassina Moggio,2014-01-14,0.125068732392424,300,-0.03888888888888884,90.69444444444444,0,37.00000000000002
111,Cassina Valsassina Moggio,2014-01-15,0.3808639364023999,133,1.5751824817518256,53.42657342657342,58,0
111,Cassina Valsassina Moggio,2014-01-16,0.4756087244762288,147,0.8527777777777775,66.34722222222226,20.06944444444444,5.400000000000002
111,Cassina Valsassina Moggio,2014-01-17,1.1394015635783783,193,0.8181159420289859,92.52777777777777,1.4930555555555547,31.599999999999973
111,Cassina Valsassina Moggio,2014-01-18,1.674776655924837,165,1.9736111111111114,88.88194444444444,15.833333333333323,25.999999999999964
111,Cassina Valsassina Moggio,2014-01-19,1.5828654707108438,190,2.182638888888889,90.77083333333333,17.20138888888887,38.599999999999994
111,Cassina Valsassina Moggio,2014-01-20,0.302629798366694,141,2.7636363636363637,91.9090909090909,30.475524475524473,12.999999999999998
111,Cassina Valsassina Moggio,2014-01-21,0.487907269785237,52,4.932867132867133,48.81818181818182,65.86713286713282,0
111,Cassina Valsassina Moggio,2014-01-22,0.08091387257935684,53,3.084057971014493,66.70138888888887,60.82638888888895,0
111,Cassina Valsassina Moggio,2014-01-23,0.11523634542936725,47,1.8875000000000002,81.16666666666666,42.29166666666665,0
111,Cassina Valsassina Moggio,2014-01-24,0.7693151476754128,348,0.18750000000000003,56.125,82.2777777777778,0
111,Cassina Valsassina Moggio,2014-01-25,1.129366513535664,29,1.8701388888888884,23.034722222222218,91.65277777777781,0
111,Cassina Valsassina Moggio,2014-01-26,0.534631947022801,356,1.5058823529411767,33.61267605633802,104.01408450704234,0
111,Cassina Valsassina Moggio,2014-01-27,0.2631127432082824,115,-0.29374999999999984,54.03472222222226,82.38888888888899,0
111,Cassina Valsassina Moggio,2014-01-28,0.03956586003335854,40,-2.5090909090909093,77.93006993006993,71.97902097902104,0
111,Cassina Valsassina Moggio,2014-01-29,0.6468305405269954,203,-3.438194444444445,67.57638888888887,39.11111111111113,3
111,Cassina Valsassina Moggio,2014-01-30,0.7809177433733229,221,-1.2402777777777783,89.55294117647058,0.7430555555555546,30.999999999999968
111,Cassina Valsassina Moggio,2014-01-31,0.9630665181201823,228,1.1643356643356637,NA,22.09790209790211,19.799999999999986
111,Cassina Valsassina Moggio,2014-02-01,0.9887379621693723,253,2.6811188811188815,NA,15.349650349650352,34.39999999999999
111,Cassina Valsassina Moggio,2014-02-02,0.6423156982305951,199,1.9152777777777779,NA,27.875,14.600000000000001
111,Cassina Valsassina Moggio,2014-02-03,0.5139711295308397,320,1.9006944444444442,NA,23.55555555555555,16.399999999999977
111,Cassina Valsassina Moggio,2014-02-04,1.3731109728794113,191,1.0934306569343066,NA,22.678321678321662,12.399999999999997
111,Cassina Valsassina Moggio,2014-02-05,0.9730914974521948,235,0.05486111111111099,NA,4.854166666666667,26.999999999999954
111,Cassina Valsassina Moggio,2014-02-06,0.3809636849225662,76,0.9180555555555557,84.9076923076923,69.97222222222223,1
111,Cassina Valsassina Moggio,2014-02-07,0.5874223657400612,132,0.33749999999999997,88.33333333333334,8.875,17.399999999999995
111,Cassina Valsassina Moggio,2014-02-08,0.928382136306377,129,0.08881118881118882,91.14685314685315,3.5104895104895077,2.4
111,Cassina Valsassina Moggio,2014-02-09,0.10946120583533234,12,0.9125874125874126,78.32167832167835,87.2587412587413,4.800000000000001
111,Cassina Valsassina Moggio,2014-02-10,0.8614436743720981,228,-0.4395833333333332,81.30555555555556,16.868055555555568,24.19999999999997
111,Cassina Valsassina Moggio,2014-02-11,0.3372607463638907,85,1.749305555555556,81.70833333333333,106.4375,1.4
111,Cassina Valsassina Moggio,2014-02-12,0.8120883632355688,38,2.574305555555555,44.92361111111113,136.47222222222206,0
111,Cassina Valsassina Moggio,2014-02-13,0.7223714061656242,93,0.7394366197183095,66.0492957746479,24.197183098591584,13.399999999999993
111,Cassina Valsassina Moggio,2014-02-14,0.649155354091306,75,1.574637681159421,50.90845070422535,99.49295774647875,0
111,Cassina Valsassina Moggio,2014-02-15,0.7083691907139499,137,1.7361111111111112,66.8125,27,0
111,Cassina Valsassina Moggio,2014-02-16,1.4896737191021248,114,3.8569444444444447,90.29861111111111,7.631944444444436,6.200000000000003
111,Cassina Valsassina Moggio,2014-02-17,0.7379446420875663,138,2.9770833333333337,89.77083333333334,36.75,22.999999999999996
111,Cassina Valsassina Moggio,2014-02-18,0.41650347324218695,186,3.1979020979020985,77.93006993006993,111.75524475524485,0
111,Cassina Valsassina Moggio,2014-02-19,0.5086978851972088,194,2.5474452554744524,92.2867132867133,3.37762237762238,34.2
111,Cassina Valsassina Moggio,2014-02-20,0.11779967008556566,281,3.6316176470588237,75.09859154929579,104.75352112676065,0
111,Cassina Valsassina Moggio,2014-02-21,0.31284316527967415,175,3.082517482517483,77.7132867132867,120.08391608391617,2.2
111,Cassina Valsassina Moggio,2014-02-22,0.34512102529091543,27,2.8993006993007,45.356643356643346,173.7132867132867,1
111,Cassina Valsassina Moggio,2014-02-23,0.41637595767530816,197,2.9195804195804196,52.27272727272729,173.74125874125863,0
111,Cassina Valsassina Moggio,2014-02-24,0.4097692358292495,295,2.4797202797202798,61.67832167832166,177.55244755244777,0
111,Cassina Valsassina Moggio,2014-02-25,0.7467112733652739,221,2.2812500000000004,54.38888888888888,160.46527777777794,0
111,Cassina Valsassina Moggio,2014-02-26,1.1629915783666867,193,0.638888888888889,85.8125,22.15277777777775,21.199999999999978
111,Cassina Valsassina Moggio,2014-02-27,0.8817207478353628,159,0.657638888888889,88.02777777777777,72.27083333333329,29.400000000000006
111,Cassina Valsassina Moggio,2014-02-28,0.7903873397256247,195,0.1447552447552447,80.66433566433565,67.36363636363633,2
111,Cassina Valsassina Moggio,2014-03-01,1.1489055146381162,248,0.14652777777777784,91.52083333333333,27.4375,19.999999999999982
111,Cassina Valsassina Moggio,2014-03-02,0.3835277342640503,210,2.8916083916083912,76.74125874125872,159.1818181818183,0.4
111,Cassina Valsassina Moggio,2014-03-03,0.5713277969765084,172,1.4020833333333331,83.29861111111111,42.1805555555555,3.000000000000001
111,Cassina Valsassina Moggio,2014-03-04,0.17884680786327045,302,2.976923076923077,64.46153846153845,114.3776223776225,0
111,Cassina Valsassina Moggio,2014-03-05,0.4584561554248452,323,3.9566433566433568,51.972027972027995,191.02797202797188,0
111,Cassina Valsassina Moggio,2014-03-06,0.20846149777284773,16,5.7153846153846155,34.370629370629366,200.2937062937062,0
111,Cassina Valsassina Moggio,2014-03-07,0.22353618679080545,330,6.825174825174826,40.209790209790214,207.85314685314685,0
111,Cassina Valsassina Moggio,2014-03-08,0.6432021885966522,116,6.393055555555556,54.77777777777776,201.47916666666663,0
111,Cassina Valsassina Moggio,2014-03-09,0.473832795734617,207,6.612587412587413,60.58041958041958,202.80419580419579,0
111,Cassina Valsassina Moggio,2014-03-10,0.8193511286326741,146,5.14375,59.51388888888888,193.375,0
111,Cassina Valsassina Moggio,2014-03-11,0.20633376851443058,257,4.782638888888889,68.77083333333334,186.67361111111097,0
111,Cassina Valsassina Moggio,2014-03-12,0.35427426351735986,272,6.923776223776225,55.72727272727272,211,0
111,Cassina Valsassina Moggio,2014-03-13,0.4015104994408017,57,8.774305555555555,42.902777777777786,210.22916666666666,0
111,Cassina Valsassina Moggio,2014-03-14,0.43992809199638283,287,8.868055555555557,51.75,208.4375,0
111,Cassina Valsassina Moggio,2014-03-15,0.6089255754419373,356,9.355555555555556,44.4375,156.2222222222221,0
111,Cassina Valsassina Moggio,2014-03-16,0.7865029167134366,352,11.871328671328673,34.713286713286706,220.04195804195786,0
111,Cassina Valsassina Moggio,2014-03-17,0.5285327422308527,337,13.813194444444445,25.881944444444436,235.40277777777803,0
111,Cassina Valsassina Moggio,2014-03-18,0.7357713258491428,273,10.185416666666667,50.5625,219.27083333333334,0
111,Cassina Valsassina Moggio,2014-03-19,0.477250434911703,18,10.944755244755246,39.94405594405598,231.7342657342658,0
111,Cassina Valsassina Moggio,2014-03-20,1.1076145157093404,185,9.513194444444446,57.027777777777764,219.61805555555566,0
111,Cassina Valsassina Moggio,2014-03-21,1.0333066529124655,168,8.595833333333333,64.875,199.09722222222203,3.2
111,Cassina Valsassina Moggio,2014-03-22,0.8860504050351011,193,4.420138888888889,90.77777777777777,20.569444444444436,47.600000000000016
111,Cassina Valsassina Moggio,2014-03-23,0.11590582401823615,296,0.8236111111111111,84.91666666666667,20.048611111111132,54.00000000000001
111,Cassina Valsassina Moggio,2014-03-24,0.369448123333959,333,2.599999999999999,39.8125,247.6180555555557,0
111,Cassina Valsassina Moggio,2014-03-25,0.7913483142090229,203,0.3416666666666665,58.27083333333332,121.13888888888901,0.4
111,Cassina Valsassina Moggio,2014-03-26,0.49316740040362284,237,1.1131944444444442,72.02083333333334,127.94444444444453,0.8
111,Cassina Valsassina Moggio,2014-03-27,0.25639811048025535,330,3.319014084507042,64.14084507042253,144.5563380281689,0
111,Cassina Valsassina Moggio,2014-03-28,0.3412180576736926,152,5.849635036496351,56.34751773049645,128.55319148936164,0
111,Cassina Valsassina Moggio,2014-03-29,0.8783987626168157,198,7.5853146853146844,53.11888111888113,235.3076923076925,0
111,Cassina Valsassina Moggio,2014-03-30,0.8425019042446346,246,9.302777777777779,50.125,244.95138888888906,0
111,Cassina Valsassina Moggio,2014-03-31,0.6843176106345045,323,9.711888111888113,53.76923076923077,249.51748251748268,0
111,Cassina Valsassina Moggio,2014-04-01,1.1186301602601951,237,8.926388888888889,66.57638888888887,239.98611111111094,0
111,Cassina Valsassina Moggio,2014-04-02,0.4022853127219924,341,7.85874125874126,79.57342657342659,139.09090909090915,0
111,Cassina Valsassina Moggio,2014-04-03,0.40722530000150364,168,7.50774647887324,82.3450704225352,73.04929577464793,0
111,Cassina Valsassina Moggio,2014-04-04,0.4226353569577588,247,8.070833333333335,78.5625,154.70138888888903,0
111,Cassina Valsassina Moggio,2014-04-05,1.083955390836899,223,9.065957446808511,76.31205673758865,158.2127659574467,0
111,Cassina Valsassina Moggio,2014-04-06,0.7317730569659685,195,10.904861111111112,66.19444444444443,205.3541666666666,0
111,Cassina Valsassina Moggio,2014-04-07,0.8236852523713762,184,12.108450704225353,60.18309859154929,215.61971830985905,0
111,Cassina Valsassina Moggio,2014-04-08,0.40751357640899916,338,10.997916666666667,64.88888888888889,109,0.2
111,Cassina Valsassina Moggio,2014-04-09,0.738751970324906,347,10.157664233576643,26.79720279720281,292.8881118881116,0
111,Cassina Valsassina Moggio,2014-04-10,0.5611947149103903,355,11.202112676056338,32.69718309859155,289.1338028169016,0
111,Cassina Valsassina Moggio,2014-04-11,1.578466472417947,210,10.490972222222224,54.548611111111136,291.375,0
111,Cassina Valsassina Moggio,2014-04-12,1.3544963058246995,228,9.123611111111112,76.52083333333333,204.86805555555563,0
111,Cassina Valsassina Moggio,2014-04-13,1.4315104037653437,225,9.762500000000001,72.47916666666667,226.18055555555566,0
111,Cassina Valsassina Moggio,2014-04-14,0.9410070300528194,334,10.874825174825176,58.559440559440525,287.7342657342659,0
111,Cassina Valsassina Moggio,2014-04-15,0.8258671317625158,73,6.810416666666667,25.57638888888889,309.0763888888891,0
111,Cassina Valsassina Moggio,2014-04-16,1.068127202892373,229,5.457746478873238,26.73943661971831,307.0845070422537,0
111,Cassina Valsassina Moggio,2014-04-17,0.9444181399454493,206,6.788194444444445,32.861111111111114,302.9513888888891,0
111,Cassina Valsassina Moggio,2014-04-18,0.13023111746303984,5,7.040559440559441,44.41258741258741,111.26573426573425,4.800000000000001
111,Cassina Valsassina Moggio,2014-04-19,0.5989041465559352,262,3.693661971830986,81.69014084507043,68.21126760563374,26.999999999999996
111,Cassina Valsassina Moggio,2014-04-20,0.39338874969263277,250,6.790277777777778,74.26388888888887,123.17361111111099,17.4
111,Cassina Valsassina Moggio,2014-04-21,0.3343939925650729,202,4.769230769230769,90.73426573426573,41.79720279720282,17.199999999999978
111,Cassina Valsassina Moggio,2014-04-22,0.3612910235652076,254,8.520833333333334,78.50694444444444,133.50694444444454,0
111,Cassina Valsassina Moggio,2014-04-23,0.29898199468107,68,10.291608391608392,70.65734265734265,166.132867132867,9.600000000000001
111,Cassina Valsassina Moggio,2014-04-24,0.5664025232472351,105,12.215384615384616,61.27272727272728,193.69930069930072,8.200000000000001
111,Cassina Valsassina Moggio,2014-04-25,0.33270444503755064,144,12.451048951048952,58.04195804195805,229.69230769230765,0.2
111,Cassina Valsassina Moggio,2014-04-26,0.4904493379775186,187,12.389855072463769,60.58333333333333,230.66666666666669,5.800000000000001
111,Cassina Valsassina Moggio,2014-04-27,0.800156903855238,293,7.586111111111111,88.9375,48.10416666666665,20.79999999999999
111,Cassina Valsassina Moggio,2014-04-28,0.1568337420146041,245,5.708695652173914,90.71830985915493,31.985915492957766,26.199999999999996
111,Cassina Valsassina Moggio,2014-04-29,0.3760167220005509,120,10.191608391608392,68.18881118881117,258.90909090909105,1.7999999999999998
111,Cassina Valsassina Moggio,2014-04-30,0.3155948943278667,141,6.9601398601398605,88.92307692307693,80.20979020979017,16.200000000000003
111,Cassina Valsassina Moggio,2014-05-01,0.45710045124952403,160,8.412587412587413,70.83916083916083,129.18181818181827,3.6
111,Cassina Valsassina Moggio,2014-05-02,0.2674606644240872,207,6.539583333333334,85.38194444444443,75.84027777777773,29.400000000000006
111,Cassina Valsassina Moggio,2014-05-03,0.605219178881714,313,10.462937062937064,60,268.16783216783233,0
111,Cassina Valsassina Moggio,2014-05-04,1.3364685008079904,246,10.340277777777779,41.847222222222214,343.5833333333331,0
111,Cassina Valsassina Moggio,2014-05-05,1.5408757724895596,202,10.303496503496504,59.08391608391609,239.25174825174827,0
111,Cassina Valsassina Moggio,2014-05-06,0.8750231801592299,246,10.65944055944056,70.8951048951049,232.4475524475522,0
111,Cassina Valsassina Moggio,2014-05-07,0.42995230717516913,158,8.598611111111111,87.70138888888889,50.38888888888887,2.6
111,Cassina Valsassina Moggio,2014-05-08,1.3808087555589748,223,11.13263888888889,54.79861111111113,295.777777777778,0
111,Cassina Valsassina Moggio,2014-05-09,0.6445092141750777,118,13.193055555555556,65.5,299.4236111111109,0
111,Cassina Valsassina Moggio,2014-05-10,1.0986241322908332,218,14.997222222222224,55.15972222222222,274.81944444444423,0
111,Cassina Valsassina Moggio,2014-05-11,0.5434438918589617,210,11.339449541284404,70.70138888888887,118.27777777777777,2.0000000000000004
111,Cassina Valsassina Moggio,2014-05-12,1.3179977907207496,231,8.719444444444445,41.51748251748251,288.40559440559434,0
111,Cassina Valsassina Moggio,2014-05-13,0.9280395969670585,203,8.076623376623377,49.38194444444443,263.4930555555557,0
111,Cassina Valsassina Moggio,2014-05-14,0.744609963717495,24,9.568376068376068,33.205673758865245,346.2340425531918,0
111,Cassina Valsassina Moggio,2014-05-15,0.4744979603337117,9,8.112658227848103,33.10416666666667,367.52777777777806,0
111,Cassina Valsassina Moggio,2014-05-16,0.7899720037224731,7,11.02920353982301,33.076388888888886,237.90972222222197,0
111,Cassina Valsassina Moggio,2014-05-17,0.7742410906409279,224,10.804895104895106,39.26573426573427,235.02797202797188,0
111,Cassina Valsassina Moggio,2014-05-18,0.7400857307663239,171,11.565734265734266,49.90209790209791,228.05594405594417,0
111,Cassina Valsassina Moggio,2014-05-19,0.7013058177377877,170,10.25,63.52083333333332,185.24305555555546,0.2
111,Cassina Valsassina Moggio,2014-05-20,0.21028218157490114,121,11.604195804195806,69.51048951048952,161.77622377622393,0
111,Cassina Valsassina Moggio,2014-05-21,1.2316835943726259,220,14.250364963503651,62.829787234042556,281.8936170212767,0
111,Cassina Valsassina Moggio,2014-05-22,1.0551107501493515,221,13.874814814814815,76.94285714285715,161.5499999999999,19.6
111,Cassina Valsassina Moggio,2014-05-23,1.9818831501864451,241,13.306923076923077,72.45454545454544,217.41958041958029,13.399999999999999
111,Cassina Valsassina Moggio,2014-05-24,0.61068076035878,141,12.287603305785124,59.631944444444436,279.69444444444434,0
111,Cassina Valsassina Moggio,2014-05-25,1.3468077743929423,181,13.7990990990991,54.823943661971825,270.2887323943661,0
111,Cassina Valsassina Moggio,2014-05-26,0.5354129973315238,206,11.85909090909091,70.64583333333334,106.5416666666667,6.400000000000001
111,Cassina Valsassina Moggio,2014-05-27,0.10273557011685427,166,10.558730158730159,80.69444444444443,154.7083333333334,8.799999999999999
111,Cassina Valsassina Moggio,2014-05-28,0.9202403635695178,189,11.312500000000002,71.71527777777777,208.39583333333346,2.4000000000000004
111,Cassina Valsassina Moggio,2014-05-29,1.0405870352578521,178,12.5496062992126,69.70833333333331,234.38194444444443,0.4
111,Cassina Valsassina Moggio,2014-05-30,0.7744229682104583,133,13.161344537815127,54.416666666666664,212.1597222222221,2.2
111,Cassina Valsassina Moggio,2014-05-31,1.9194659572151793,181,10.380769230769232,79.33566433566435,192.90209790209798,0
111,Cassina Valsassina Moggio,2014-06-01,0.593311326585771,153,12.5855421686747,64.80555555555557,232.8333333333334,6.000000000000001
111,Cassina Valsassina Moggio,2014-06-02,0.1337764188218518,166,10.537362637362637,70.49650349650352,181.68531468531478,2.8000000000000003
111,Cassina Valsassina Moggio,2014-06-03,0.8125661905689252,120,12.074285714285715,69.37762237762237,218.00699300699296,3.2000000000000006
111,Cassina Valsassina Moggio,2014-06-04,0.8459694830915179,100,11.079487179487181,84.24305555555556,99.98611111111101,22.399999999999984
111,Cassina Valsassina Moggio,2014-06-05,1.4347969586661815,210,13.315555555555557,71.48251748251748,304.05594405594394,0.2
111,Cassina Valsassina Moggio,2014-06-06,1.0990959432536251,204,15.616666666666667,65.65277777777777,298.40972222222194,0
111,Cassina Valsassina Moggio,2014-06-07,0.9332147457936434,201,17.957342657342657,65.6853146853147,330.8181818181817,0
111,Cassina Valsassina Moggio,2014-06-08,0.5834205019837105,249,21.364335664335666,61.38461538461539,354.86013986013967,0
111,Cassina Valsassina Moggio,2014-06-09,0.6917053578400025,143,21.38041958041958,67.55944055944056,316.1328671328673,0
111,Cassina Valsassina Moggio,2014-06-10,1.0118026977958456,206,21.555633802816903,63.60563380281691,335.33802816901436,0
111,Cassina Valsassina Moggio,2014-06-11,0.3891273549558697,60,22.116666666666667,57.673611111111114,310.44444444444423,0
111,Cassina Valsassina Moggio,2014-06-12,0.21397848401277494,117,21.886805555555558,51.65972222222222,313.1805555555558,1.8
111,Cassina Valsassina Moggio,2014-06-13,0.8713758183199358,126,19.400694444444444,62.98611111111112,361.3333333333331,26.000000000000004
111,Cassina Valsassina Moggio,2014-06-14,1.1979934729375155,130,16.01958041958042,67.03496503496505,201.69930069930078,18.799999999999997
111,Cassina Valsassina Moggio,2014-06-15,0.2179240231625185,166,11.52937062937063,83.78321678321679,92.11888111888102,6.000000000000002
111,Cassina Valsassina Moggio,2014-06-16,0.6494393154443969,175,12.301388888888889,74.20138888888887,183.125,23.4
111,Cassina Valsassina Moggio,2014-06-17,1.006086020469401,111,10.978169014084507,79.26760563380283,112.86619718309856,16.000000000000004
111,Cassina Valsassina Moggio,2014-06-18,0.47066780848055384,90,12.838194444444445,67.83333333333334,188.2430555555555,5.000000000000001
111,Cassina Valsassina Moggio,2014-06-19,0.2662470975414731,104,14.567132867132868,63.405594405594414,307.6153846153845,9.4
111,Cassina Valsassina Moggio,2014-06-20,0.6316670327229419,25,17.495714285714286,41.40714285714286,349.6785714285718,0
111,Cassina Valsassina Moggio,2014-06-21,1.5715857950392291,193,15.922916666666667,67.27777777777777,256.58333333333326,0
111,Cassina Valsassina Moggio,2014-06-22,0.6437793584877547,222,17.290845070422534,81.26760563380282,280.95070422535235,1.6
111,Cassina Valsassina Moggio,2014-06-23,0.5142710929955027,187,16.433098591549296,78.02816901408453,248.4436619718311,51.40000000000001
111,Cassina Valsassina Moggio,2014-06-24,0.72859399030359,205,15.97638888888889,80.95833333333334,221.21527777777797,4.4
111,Cassina Valsassina Moggio,2014-06-25,0.46756847703891025,148,14.705633802816902,82.76760563380282,191.11971830985905,10.600000000000001
111,Cassina Valsassina Moggio,2014-06-26,0.9509386478013815,128,14.106293706293707,76.12587412587412,149.8251748251747,0
111,Cassina Valsassina Moggio,2014-06-27,0.7905067522612836,157,15,79.61805555555556,210.88194444444449,0
111,Cassina Valsassina Moggio,2014-06-28,0.8843123466975547,141,14.417361111111111,84.22222222222223,151.04166666666654,24.000000000000004
111,Cassina Valsassina Moggio,2014-06-29,0.8063114089396611,127,12.406944444444445,87.34722222222223,42.96527777777774,56.20000000000004
111,Cassina Valsassina Moggio,2014-06-30,0.5876551212755781,33,15.163194444444445,44.319444444444436,379.9166666666669,0.2
111,Cassina Valsassina Moggio,2014-07-01,0.6082780122625793,160,13.663636363636364,74.2797202797203,186.0139860139859,17.4
111,Cassina Valsassina Moggio,2014-07-02,0.3311618141543788,85,12.03888888888889,86.52777777777777,85.8125,16.6
111,Cassina Valsassina Moggio,2014-07-03,1.4712873934489517,206,15.876923076923077,61.11888111888112,330.02097902097887,0
111,Cassina Valsassina Moggio,2014-07-04,0.5211683124852251,118,14.093055555555557,81.38888888888889,92.9583333333333,6.400000000000002
111,Cassina Valsassina Moggio,2014-07-05,0.29608697679832635,250,16.945454545454545,74.02797202797203,272.5454545454545,0.2
111,Cassina Valsassina Moggio,2014-07-06,1.510834938992199,203,17.69027777777778,80.72916666666666,222.52083333333337,10.600000000000001
111,Cassina Valsassina Moggio,2014-07-07,0.6475315421104564,243,15.803472222222224,86.18055555555557,157.81944444444454,45.800000000000026
111,Cassina Valsassina Moggio,2014-07-08,0.15286422271191022,125,11.511111111111113,89.63194444444443,49.104166666666636,65.39999999999999
111,Cassina Valsassina Moggio,2014-07-09,0.9809778105941986,95,12.985211267605635,55.36619718309859,192.21126760563362,0
111,Cassina Valsassina Moggio,2014-07-10,0.8695189119916591,202,13.764583333333334,67.45138888888887,334.1111111111109,0
111,Cassina Valsassina Moggio,2014-07-11,0.4800511755247123,314,16.64154929577465,62.21126760563381,332.2746478873242,0
111,Cassina Valsassina Moggio,2014-07-12,0.7172711259397054,104,14.541549295774649,72.97183098591549,126.56338028169016,10.600000000000001
111,Cassina Valsassina Moggio,2014-07-13,1.1630609485120078,206,14.362237762237763,78.27272727272728,234.5594405594408,2.6
111,Cassina Valsassina Moggio,2014-07-14,0.7787844947643496,177,15.07902097902098,81.52447552447552,203.28671328671336,10.6
111,Cassina Valsassina Moggio,2014-07-15,1.0667475013072616,224,17.918055555555558,72.54166666666667,352.625,0
111,Cassina Valsassina Moggio,2014-07-16,0.638117309206304,171,18.71666666666667,72.74305555555556,210.0694444444445,0
111,Cassina Valsassina Moggio,2014-07-17,0.5829221189724181,159,20.23829787234043,71.6950354609929,311.9929078014182,0
111,Cassina Valsassina Moggio,2014-07-18,1.0288050446119967,183,20.355633802816904,77.3943661971831,340.732394366197,0
111,Cassina Valsassina Moggio,2014-07-19,0.608886321084309,161,20.47323943661972,76.99295774647888,266.9436619718311,0
111,Cassina Valsassina Moggio,2014-07-20,0.5446407559884384,147,18.78811188811189,70.2867132867133,94.77622377622386,2.2
111,Cassina Valsassina Moggio,2014-07-21,0.13654259383176656,219,14.90138888888889,82.40972222222223,79.26388888888894,3.0000000000000004
111,Cassina Valsassina Moggio,2014-07-22,0.18491640454151803,255,16.66388888888889,81.28472222222223,215.27083333333346,0.8
111,Cassina Valsassina Moggio,2014-07-23,0.7877293437520732,144,17.15486111111111,75.65277777777777,239.95138888888906,14.599999999999998
111,Cassina Valsassina Moggio,2014-07-24,0.5062559392747435,152,14.655244755244755,83.22377622377623,148.72027972027962,4.000000000000001
111,Cassina Valsassina Moggio,2014-07-25,1.2120217172976118,196,16.321830985915494,82.53521126760563,276.45070422535235,0.4
111,Cassina Valsassina Moggio,2014-07-26,0.5755802476693832,98,12.635664335664336,89.31468531468532,63.94405594405598,35.79999999999999
111,Cassina Valsassina Moggio,2014-07-27,0.6677500258050479,252,16.606993006993008,74.32167832167833,239.8531468531468,0
111,Cassina Valsassina Moggio,2014-07-28,0.438530638062433,204,16.713286713286713,84.09090909090908,191.6013986013986,19.400000000000002
111,Cassina Valsassina Moggio,2014-07-29,0.49521997243824256,267,12.356250000000001,90.78472222222223,41.86805555555551,160.79999999999998
111,Cassina Valsassina Moggio,2014-07-30,0.6949832766288866,71,15.093006993006993,66.76223776223776,93.97902097902106,0
111,Cassina Valsassina Moggio,2014-07-31,0.32849711000350285,96,20.12847222222222,61.76388888888888,342.3333333333331,0
111,Cassina Valsassina Moggio,2014-08-01,0.21823168843590057,160,17.907692307692308,81.9090909090909,164.1818181818183,0
111,Cassina Valsassina Moggio,2014-08-02,0.641400433783237,134,14.434751773049646,89.58865248226951,79.0567375886524,86.00000000000001
111,Cassina Valsassina Moggio,2014-08-03,0.266806917418136,114,14.096527777777778,88.23611111111111,96.58333333333324,27
111,Cassina Valsassina Moggio,2014-08-04,0.7988604614938983,217,17.45486111111111,71.91666666666666,321.1319444444442,0
111,Cassina Valsassina Moggio,2014-08-05,0.6825746079238961,164,17.397857142857145,74.80714285714285,240.17142857142858,0.6000000000000001
111,Cassina Valsassina Moggio,2014-08-06,0.41546149670233246,186,17.380985915492957,66.31690140845072,262.95774647887333,0
111,Cassina Valsassina Moggio,2014-08-07,0.8715291505570132,185,17.451748251748253,75.2937062937063,197.22377622377604,0.6000000000000001
111,Cassina Valsassina Moggio,2014-08-08,0.6058202263803764,166,17.720567375886525,79.07801418439716,169.34751773049658,2
111,Cassina Valsassina Moggio,2014-08-09,0.48354962797303375,169,16.93541666666667,87.29166666666667,123.68055555555547,7.000000000000001
111,Cassina Valsassina Moggio,2014-08-10,0.6633532451015707,118,17.667132867132867,81.97902097902099,160.12587412587396,16.800000000000004
111,Cassina Valsassina Moggio,2014-08-11,0.5903161370038736,150,17.829577464788734,87.05633802816901,104.26760563380284,17.6
111,Cassina Valsassina Moggio,2014-08-12,0.8553589788972651,176,17.782517482517484,84.58041958041959,185.64335664335644,19.2
111,Cassina Valsassina Moggio,2014-08-13,0.5593223202967053,162,14.331468531468532,90.02097902097901,37.44055944055946,61.20000000000002
111,Cassina Valsassina Moggio,2014-08-14,0.3728090221540727,193,15.277622377622379,72.55944055944057,245.43356643356626,0.6000000000000001
111,Cassina Valsassina Moggio,2014-08-15,0.5117696833659701,104,12.446153846153846,84.32167832167833,158.06293706293707,17.799999999999997
111,Cassina Valsassina Moggio,2014-08-16,0.9109478098576947,159,12.753472222222223,73.40277777777777,224.4166666666666,0
111,Cassina Valsassina Moggio,2014-08-17,0.32182759364181823,184,13.3,61.56643356643357,246.062937062937,0
111,Cassina Valsassina Moggio,2014-08-18,0.8067941351918249,189,14.038461538461538,76.46853146853147,153.89510489510494,0.2
111,Cassina Valsassina Moggio,2014-08-19,1.2707110098494705,123,12.911111111111111,86.54166666666667,100.24305555555549,19.000000000000004
111,Cassina Valsassina Moggio,2014-08-20,0.8403717345075343,188,13.542657342657343,85.25174825174825,140.62237762237748,20
111,Cassina Valsassina Moggio,2014-08-21,1.10698522770309,176,13.572727272727272,75.1048951048951,237.60839160839154,0
111,Cassina Valsassina Moggio,2014-08-22,0.4652897776060095,150,13.69513888888889,85.45138888888889,156.79861111111097,19.800000000000004
111,Cassina Valsassina Moggio,2014-08-23,0.23141339756963586,96,12.975524475524477,81.67132867132867,171.86013986013987,20.19999999999999
111,Cassina Valsassina Moggio,2014-08-24,0.4380473662683629,153,14.199290780141844,61.014184397163106,250.4964539007093,0
111,Cassina Valsassina Moggio,2014-08-25,0.6240451882406831,162,11.990140845070423,89.6830985915493,69.64084507042253,7.600000000000002
111,Cassina Valsassina Moggio,2014-08-26,0.30924917373917693,181,13.224305555555556,92.63194444444444,65.3194444444445,1
111,Cassina Valsassina Moggio,2014-08-27,0.4578590550529267,70,16.87902097902098,70.82517482517483,293.6923076923074,0
111,Cassina Valsassina Moggio,2014-08-28,1.3151146885851093,190,15.580555555555556,83.38888888888889,215.36111111111094,0
111,Cassina Valsassina Moggio,2014-08-29,0.6703996920581071,183,15.957638888888889,84.05555555555556,182.15972222222203,0
111,Cassina Valsassina Moggio,2014-08-30,0.5565547867808995,184,16.604861111111113,83.96527777777777,145.33333333333343,0
111,Cassina Valsassina Moggio,2014-08-31,0.2775560502331022,210,15.045833333333334,84.52083333333334,95.85416666666674,21.4
111,Cassina Valsassina Moggio,2014-09-01,1.0569925927522823,30,13.563194444444445,44.80555555555556,286.60416666666686,0
111,Cassina Valsassina Moggio,2014-09-02,0.672537952795195,220,13.874825174825176,46.32167832167833,284.6573426573425,0
111,Cassina Valsassina Moggio,2014-09-03,0.11253342626618475,346,12.999305555555557,67.45138888888889,113.63194444444453,0.6000000000000001
111,Cassina Valsassina Moggio,2014-09-04,0.6305154107464522,143,15.650694444444445,70.0625,92.9375,0.2
111,Cassina Valsassina Moggio,2014-09-05,0.42523713084643483,77,14.546153846153848,81.66433566433567,95.69230769230775,9.000000000000002
111,Cassina Valsassina Moggio,2014-09-06,0.6449464702622286,99,16.038194444444446,73.40972222222223,185.95833333333348,11.8
111,Cassina Valsassina Moggio,2014-09-07,0.9358730581932911,183,16.260283687943264,84.12056737588652,223.5744680851064,0.6000000000000001
111,Cassina Valsassina Moggio,2014-09-08,0.5599807800258224,244,17,85.36111111111111,242.04861111111097,0.4
111,Cassina Valsassina Moggio,2014-09-09,0.18569359512087125,49,16.092307692307692,87.67132867132867,99.89510489510492,1.5999999999999999
111,Cassina Valsassina Moggio,2014-09-10,0.8458128545624548,161,14.636363636363637,85.1118881118881,175.7132867132866,7.400000000000002
111,Cassina Valsassina Moggio,2014-09-11,0.5787318076020851,228,13.55034965034965,81.84615384615384,209.7482517482517,0
111,Cassina Valsassina Moggio,2014-09-12,1.0022012229208792,163,11.985416666666667,71.65277777777777,226.32638888888906,0
111,Cassina Valsassina Moggio,2014-09-13,0.4136438484248551,107,13.620979020979021,68.18881118881117,252.44755244755217,0
111,Cassina Valsassina Moggio,2014-09-14,0.9565307141143773,187,13.25774647887324,83.07042253521126,216.5070422535213,0
111,Cassina Valsassina Moggio,2014-09-15,0.5328707468758838,143,13.447916666666668,84.92361111111111,120.20138888888901,0
111,Cassina Valsassina Moggio,2014-09-16,0.5814925630937197,198,13.667832167832168,85.79020979020979,127.3496503496505,1.6
111,Cassina Valsassina Moggio,2014-09-17,1.0911756056288469,154,13.024475524475525,84.7972027972028,95.57342657342647,1.4
111,Cassina Valsassina Moggio,2014-09-18,1.1321310568891985,135,11.843661971830986,86.56338028169014,48.21830985915492,1.2
111,Cassina Valsassina Moggio,2014-09-19,0.637138216699024,110,12.06388888888889,91.97916666666666,41.52777777777774,25.399999999999988
111,Cassina Valsassina Moggio,2014-09-20,0.2456524760035257,42,14.503472222222223,92.94444444444444,103.91666666666669,0.2
111,Cassina Valsassina Moggio,2014-09-21,0.5090313167101084,199,14.986111111111112,85.23611111111111,208.8680555555556,0
111,Cassina Valsassina Moggio,2014-09-22,0.2875100608252498,40,13.839860139860141,46.44055944055942,233.5594405594408,0
111,Cassina Valsassina Moggio,2014-09-23,0.6143668912610365,160,10.667361111111111,45.20138888888887,232.27777777777803,0
111,Cassina Valsassina Moggio,2014-09-24,0.5397010210068627,163,9.775352112676057,65.67605633802818,170.7746478873238,0
111,Cassina Valsassina Moggio,2014-09-25,0.49269733428016105,123,11.31118881118881,69.09090909090908,211.23776223776207,0
111,Cassina Valsassina Moggio,2014-09-26,0.14315053956641277,24,11.797887323943662,74.61971830985915,203.08450704225348,0
111,Cassina Valsassina Moggio,2014-09-27,0.4470512681990553,215,15.383216783216785,59.720279720279734,211.96503496503513,0
111,Cassina Valsassina Moggio,2014-09-28,0.23731152196870087,235,12.885416666666666,85.48611111111111,114.78472222222216,0
111,Cassina Valsassina Moggio,2014-09-29,0.2684387278442257,247,13.68263888888889,78.61805555555557,204.72916666666663,0
111,Cassina Valsassina Moggio,2014-09-30,0.19584314431691083,29,12.607692307692309,88.95804195804196,84.47552447552458,1
111,Cassina Valsassina Moggio,2014-10-01,0.7486946492932334,182,12.794444444444446,87.13194444444444,129.3125,1
111,Cassina Valsassina Moggio,2014-10-02,0.7748597814764342,225,13.625,78.125,179.65972222222206,0
111,Cassina Valsassina Moggio,2014-10-03,0.637148465117094,178,11.944755244755246,87.58741258741259,84.58741258741267,0.2
111,Cassina Valsassina Moggio,2014-10-04,0.9520676194847447,158,11.22027972027972,82.41258741258741,90.66433566433561,2
111,Cassina Valsassina Moggio,2014-10-05,0.6718817830477628,156,10.955944055944057,84.33566433566433,94.06293706293702,0.4
111,Cassina Valsassina Moggio,2014-10-06,0.8648308475540836,117,10.061805555555557,83.70138888888889,91.36111111111101,0
111,Cassina Valsassina Moggio,2014-10-07,1.528538184145394,140,9.244444444444445,88.28472222222223,25.631944444444457,11.399999999999995
111,Cassina Valsassina Moggio,2014-10-08,1.2100888466530257,121,12.338194444444445,87.8125,50.09027777777774,5.000000000000003
111,Cassina Valsassina Moggio,2014-10-09,1.065638835828714,135,12.948936170212766,84.67375886524823,64.24113475177302,0.2
111,Cassina Valsassina Moggio,2014-10-10,1.7359946012160554,130,13.845454545454546,87.93006993006993,87.64335664335667,3.2
111,Cassina Valsassina Moggio,2014-10-11,0.31744181423674367,151,12.462237762237763,92.6083916083916,21.46853146853147,50.00000000000003
111,Cassina Valsassina Moggio,2014-10-12,1.2104595653599017,129,13.271527777777779,84.80555555555556,83.60416666666673,3.000000000000001
111,Cassina Valsassina Moggio,2014-10-13,1.2218159858230921,118,12.347222222222223,89.74305555555556,3.048611111111109,47.60000000000002
111,Cassina Valsassina Moggio,2014-10-14,0.5581933316425948,141,11.611888111888113,82.64335664335664,96.11188811188802,3.8000000000000003
111,Cassina Valsassina Moggio,2014-10-15,0.0160472579228311,299,11.836111111111112,82.65972222222223,102.5625,0
111,Cassina Valsassina Moggio,2014-10-16,0.565475267977401,155,11.892361111111112,79.68055555555556,59.881944444444514,0
111,Cassina Valsassina Moggio,2014-10-17,0.21605790883020976,43,14.012500000000001,79.47222222222223,140.92361111111097,0
111,Cassina Valsassina Moggio,2014-10-18,0.09796014409127113,32,14.11111111111111,83.88194444444444,142.52083333333346,0.2
111,Cassina Valsassina Moggio,2014-10-19,0.23866073996062295,44,13.900694444444445,85.79166666666666,142.09027777777794,0
111,Cassina Valsassina Moggio,2014-10-20,0.06921555514630204,336,13.083333333333334,89.25,122.04861111111099,0.2
111,Cassina Valsassina Moggio,2014-10-21,0.1310731119090295,255,12.930555555555557,84.52083333333334,115.83333333333337,1
111,Cassina Valsassina Moggio,2014-10-22,0.8160511455671128,271,4.651748251748253,43.11188811188811,162.77622377622396,0
111,Cassina Valsassina Moggio,2014-10-23,0.4249231500710701,60,7.519580419580421,40.32867132867133,151.11188811188802,0
111,Cassina Valsassina Moggio,2014-10-24,0.08204292565100636,246,11.407692307692308,36.34265734265735,149.49650349650352,0
111,Cassina Valsassina Moggio,2014-10-25,0.4324058356354288,202,7.5687500000000005,77.59722222222224,78.97916666666674,0
111,Cassina Valsassina Moggio,2014-10-26,0.1842696863368135,83,7.198611111111111,85.11805555555557,112.375,0
111,Cassina Valsassina Moggio,2014-10-27,0.15889803831485286,260,5.083333333333334,91.4375,32.451388888888864,0
111,Cassina Valsassina Moggio,2014-10-28,0.17002403700672902,29,5.190140845070423,81.88028169014083,115.53521126760573,0
111,Cassina Valsassina Moggio,2014-10-29,0.24459403722988401,65,4.608391608391608,87.95804195804195,109.30769230769225,0
111,Cassina Valsassina Moggio,2014-10-30,0.14504744748882234,124,6.631944444444444,74.45833333333333,121.2847222222221,0
111,Cassina Valsassina Moggio,2014-10-31,0.12421932605199217,170,9.238194444444446,50.854166666666664,120.0208333333334,0
111,Cassina Valsassina Moggio,2014-11-01,0.09514769805221399,227,11.10138888888889,44.819444444444436,120.3541666666666,0
111,Cassina Valsassina Moggio,2014-11-02,0.23554881704814257,39,10.3943661971831,52.78169014084508,107.61267605633797,0
111,Cassina Valsassina Moggio,2014-11-03,0.5820164547069905,149,7.847222222222222,80.39583333333334,45.04166666666665,17.199999999999996
111,Cassina Valsassina Moggio,2014-11-04,0.9586023725620834,297,7.357638888888889,89.95138888888889,5.6944444444444375,69.60000000000004
111,Cassina Valsassina Moggio,2014-11-05,2.2015678826615956,290,8.005555555555556,96.27083333333333,0.3125,221.59999999999997
111,Cassina Valsassina Moggio,2014-11-06,0.23376857353396233,135,6.216666666666667,93.95833333333333,21.83333333333332,10.399999999999999
111,Cassina Valsassina Moggio,2014-11-07,0.16981123004797866,49,7.897202797202798,94.13986013986013,22.83916083916084,14.199999999999994
111,Cassina Valsassina Moggio,2014-11-08,0.6202100051525522,212,9.193055555555556,85.72222222222223,81.72916666666674,5.600000000000001
111,Cassina Valsassina Moggio,2014-11-09,0.9457228332654327,226,7.626388888888889,92.69444444444444,20.847222222222246,22.199999999999996
111,Cassina Valsassina Moggio,2014-11-10,0.808090120677563,174,7.5791666666666675,91.625,2.951388888888891,72.59999999999997
111,Cassina Valsassina Moggio,2014-11-11,0.7006498020481099,179,7.332638888888889,92.27777777777777,8.090277777777784,27.799999999999965
111,Cassina Valsassina Moggio,2014-11-12,1.0599603640639634,250,7.148611111111111,94.15277777777777,4.923611111111114,56.800000000000026
111,Cassina Valsassina Moggio,2014-11-13,0.07764564816393038,26,8.477622377622378,82.24475524475524,79.17482517482529,0
111,Cassina Valsassina Moggio,2014-11-14,0.26909077994297625,120,8.67361111111111,78.24305555555556,81.15277777777774,1.4
111,Cassina Valsassina Moggio,2014-11-15,1.625351407070322,237,6.300694444444445,93.35416666666666,0.4583333333333336,127.8000000000001
111,Cassina Valsassina Moggio,2014-11-16,1.2576864807817534,161,5.012587412587413,81.83916083916083,54.48251748251751,14.600000000000001
111,Cassina Valsassina Moggio,2014-11-17,0.6452423076817648,172,2.7798611111111113,89.97916666666666,1.1319444444444455,27.800000000000004
111,Cassina Valsassina Moggio,2014-11-18,0.2727695841362895,60,3.193706293706294,88.6993006993007,77.24475524475524,2.4
111,Cassina Valsassina Moggio,2014-11-19,0.3920097259481677,63,4.9107913669064756,52.760563380281674,86.57746478873244,0.2
111,Cassina Valsassina Moggio,2014-11-20,0.22527806015823237,47,4.827972027972028,49.74125874125874,63.951048951048946,0
111,Cassina Valsassina Moggio,2014-11-21,0.23070354610577987,25,4.547916666666667,52.118055555555564,58.7916666666667,0
111,Cassina Valsassina Moggio,2014-11-22,0.3745203053970306,18,5.295833333333333,62.194444444444436,80.625,0
111,Cassina Valsassina Moggio,2014-11-23,0.21446170693817151,30,7.461111111111111,71.1875,63.5,0
111,Cassina Valsassina Moggio,2014-11-24,0.16409581166288933,75,9.409722222222223,64.22222222222223,68.88194444444451,0
111,Cassina Valsassina Moggio,2014-11-25,0.08188133936107655,173,9.613286713286714,68.20279720279719,30.90209790209789,0.2
111,Cassina Valsassina Moggio,2014-11-26,0.26540626417501473,288,4.7756944444444445,96.19444444444444,14.631944444444434,4.400000000000001
111,Cassina Valsassina Moggio,2014-11-27,0.4942290457416747,198,4.216197183098592,97.16197183098592,19.3732394366197,4.2
111,Cassina Valsassina Moggio,2014-11-28,1.2302788313826052,195,5.909027777777778,96.35416666666667,11.861111111111127,9.200000000000003
111,Cassina Valsassina Moggio,2014-11-29,0.18385271872145623,105,7.535416666666667,93.18055555555556,51.902777777777736,1.2
111,Cassina Valsassina Moggio,2014-11-30,0.3182071886851522,136,7.546527777777778,92.0625,14.4375,6.800000000000003
111,Cassina Valsassina Moggio,2014-12-01,0.857540414493576,210,6.888888888888889,90.34027777777777,33.40972222222226,43.40000000000002
111,Cassina Valsassina Moggio,2014-12-02,0.27422258764722496,188,5.7972222222222225,92.97916666666667,28.611111111111132,4.800000000000001
111,Cassina Valsassina Moggio,2014-12-03,0.172106774606198,14,5.384722222222223,95.23611111111111,29.340277777777747,0.8
111,Cassina Valsassina Moggio,2014-12-04,0.13771836661632256,217,4.502112676056338,96.95774647887323,13.507042253521114,1.2
111,Cassina Valsassina Moggio,2014-12-05,0.19225317878356984,66,4.842361111111112,90.04861111111111,20.75,1.5999999999999999
111,Cassina Valsassina Moggio,2014-12-06,0.18450088958260086,55,5.348611111111111,87.96527777777777,43.9236111111111,1.4
111,Cassina Valsassina Moggio,2014-12-07,0.20148192186812972,7,3.3798611111111114,93.19444444444443,32.243055555555515,0
111,Cassina Valsassina Moggio,2014-12-08,1.258515803755347,82,4.853846153846154,51.566433566433574,53.839160839160904,0
111,Cassina Valsassina Moggio,2014-12-09,0.3450910774272619,60,1.0223776223776224,56.94405594405598,67.34265734265738,2.1999999999999997
111,Cassina Valsassina Moggio,2014-12-10,0.30308185809033406,40,1.8527777777777785,28.881944444444432,27.041666666666654,0
111,Cassina Valsassina Moggio,2014-12-11,0.343277128142543,32,2.2454545454545456,32.70629370629371,65.20279720279717,0
111,Cassina Valsassina Moggio,2014-12-12,0.24090846598830368,179,3.216666666666667,47.66666666666668,41.9444444444445,0
111,Cassina Valsassina Moggio,2014-12-13,0.8529958506706584,107,3.5645833333333337,83.57638888888889,9.326388888888877,3.800000000000001
111,Cassina Valsassina Moggio,2014-12-14,0.492619326208828,124,4.05625,90.54861111111111,7.347222222222217,4.200000000000001
111,Cassina Valsassina Moggio,2014-12-15,0.6798632343580717,187,4.333333333333334,94.77777777777777,10.611111111111125,5.000000000000001
111,Cassina Valsassina Moggio,2014-12-16,0.35533016805040263,114,3.0069444444444446,91.92361111111111,12.527777777777768,24.599999999999998
111,Cassina Valsassina Moggio,2014-12-17,0.09119970067719142,16,3.5804195804195804,63.160839160839174,30.797202797202818,0
111,Cassina Valsassina Moggio,2014-12-18,0.13968718965851154,76,5.21875,62.138888888888886,38.66666666666664,0
111,Cassina Valsassina Moggio,2014-12-19,0.28511238349541573,11,7.506944444444445,55.10416666666668,64.88194444444451,0
111,Cassina Valsassina Moggio,2014-12-20,0.8261274041164026,34,7.282517482517482,42.61538461538462,65.68531468531474,0
111,Cassina Valsassina Moggio,2014-12-21,0.8497053074885932,57,5.074825174825175,29.35664335664336,62.12587412587419,0
111,Cassina Valsassina Moggio,2014-12-22,0.8974591126018835,33,4.788888888888889,37.444444444444436,67.16666666666673,0
111,Cassina Valsassina Moggio,2014-12-23,0.7553436944947358,38,5.952083333333333,37.5,65.8125,0
111,Cassina Valsassina Moggio,2014-12-24,0.4227754698043814,7,2.4503496503496507,82.44055944055944,40.041958041958075,0
111,Cassina Valsassina Moggio,2014-12-25,0.6605890460798384,39,2.9243055555555557,64.27777777777774,61.35416666666671,0
111,Cassina Valsassina Moggio,2014-12-26,0.580275597973876,23,0.03958333333333331,28.236111111111107,66.20138888888897,0
111,Cassina Valsassina Moggio,2014-12-27,0.5085940674793491,107,-3.6402777777777775,63.18055555555551,4.1875,3.2
111,Cassina Valsassina Moggio,2014-12-28,0.6217462962831976,354,-2.1361111111111106,44.736111111111136,57.902777777777736,0
111,Cassina Valsassina Moggio,2014-12-29,0.7075812236740252,6,-3.232638888888889,22.784722222222218,59.722222222222264,0
111,Cassina Valsassina Moggio,2014-12-30,0.8014576638580947,123,-4.378472222222222,48.58333333333332,63.694444444444514,0
111,Cassina Valsassina Moggio,2014-12-31,0.1422412057857184,54,-6.830555555555556,75.59722222222223,48.513888888888935,0
111,Cassina Valsassina Moggio,2015-01-01,0.2137426248084528,29,-0.20069444444444348,50.618055555555564,64.9375,0
111,Cassina Valsassina Moggio,2015-01-02,0.5747478500354162,38,7.423611111111112,38.256944444444436,64.70833333333327,0
111,Cassina Valsassina Moggio,2015-01-03,0.9033848433903289,52,8.358333333333334,38.66666666666665,57.20833333333329,0
111,Cassina Valsassina Moggio,2015-01-04,1.6728642151649982,49,5.245138888888889,36.64583333333333,69.78472222222223,0
111,Cassina Valsassina Moggio,2015-01-05,0.794755874914288,32,3.858333333333334,20.194444444444443,68.44444444444451,0
111,Cassina Valsassina Moggio,2015-01-06,0.28873262338507744,37,4.890972222222222,29.26388888888887,69.13194444444451,0
111,Cassina Valsassina Moggio,2015-01-07,0.1672283500721136,73,-0.4826388888888887,71.36111111111111,68.27777777777774,0
111,Cassina Valsassina Moggio,2015-01-08,0.26126850813984726,28,1.3291666666666664,75.15277777777777,70.4583333333333,0
111,Cassina Valsassina Moggio,2015-01-09,0.3701136044798582,61,6.3999999999999995,43.472222222222236,67.4375,0
111,Cassina Valsassina Moggio,2015-01-10,0.5176809825864952,21,13.442335766423358,34.467153284671525,55.65248226950351,0
111,Cassina Valsassina Moggio,2015-01-11,0.5211635719139076,268,5.450694444444444,42.99305555555556,63.243055555555486,0
111,Cassina Valsassina Moggio,2015-01-12,0.46801584338011676,59,2.913286713286713,27.55944055944056,75.37762237762247,0
111,Cassina Valsassina Moggio,2015-01-13,0.20465157159478062,82,2.697916666666667,64.05555555555557,22.270833333333332,0
111,Cassina Valsassina Moggio,2015-01-14,0.3292568634510275,43,2.047916666666667,80.50694444444444,10.583333333333337,0.2
111,Cassina Valsassina Moggio,2015-01-15,0.8201910101074305,156,2.974305555555556,66.21527777777774,19.54166666666668,1.4
111,Cassina Valsassina Moggio,2015-01-16,0.8067950712758895,259,3.338888888888889,92.30555555555556,0.1597222222222223,66.60000000000004
111,Cassina Valsassina Moggio,2015-01-17,1.374203768471371,178,2.2479166666666672,89.72916666666667,12.895833333333329,43.400000000000006
111,Cassina Valsassina Moggio,2015-01-18,0.9308635977516658,124,-0.7527777777777778,84.29861111111111,38.28472222222226,0
111,Cassina Valsassina Moggio,2015-01-19,0.1519670779293389,87,-1.129861111111111,69.55555555555556,62.63888888888896,0
111,Cassina Valsassina Moggio,2015-01-20,0.25517162199051796,55,-0.9104895104895104,70.47552447552448,61.23776223776232,0
111,Cassina Valsassina Moggio,2015-01-21,0.7461205972144805,217,-0.663888888888889,84.6875,5.027777777777782,16.999999999999982
111,Cassina Valsassina Moggio,2015-01-22,0.5327225047665021,264,0.5176056338028171,91.14788732394366,32.32394366197187,17.8
111,Cassina Valsassina Moggio,2015-01-23,0.49812594645757974,47,3.125694444444444,51.5,90.8125,0
111,Cassina Valsassina Moggio,2015-01-24,0.5327864120106982,27,1.8847222222222222,33.76388888888887,90.388888888889,0
111,Cassina Valsassina Moggio,2015-01-25,0.8652805419686785,346,-0.9062499999999998,30.923611111111107,94.65277777777783,0
111,Cassina Valsassina Moggio,2015-01-26,0.37116775342470587,59,-2.386713286713287,29.55244755244755,94.68531468531475,0
111,Cassina Valsassina Moggio,2015-01-27,0.5455720033748075,52,-0.9131944444444445,34.4375,86.8472222222222,0
111,Cassina Valsassina Moggio,2015-01-28,0.30497469263922417,41,-1.3624999999999998,38,88.2222222222222,0
111,Cassina Valsassina Moggio,2015-01-29,0.0938729833882447,31,-1.7069930069930075,59,30.230769230769194,0
111,Cassina Valsassina Moggio,2015-01-30,0.30422855742494276,1,-2.942253521126761,54.16901408450701,81.59859154929583,1.2000000000000002
111,Cassina Valsassina Moggio,2015-01-31,0.1511722077016477,49,-2.60625,43.368055555555564,95.88194444444451,0
111,Cassina Valsassina Moggio,2015-02-01,0.3483051903624706,19,-2.4444444444444438,39.5,108.41666666666661,0
111,Cassina Valsassina Moggio,2015-02-02,0.29510546290729145,10,-2.2923611111111115,31.79861111111111,112.59027777777787,0
111,Cassina Valsassina Moggio,2015-02-03,0.6967727179876406,133,-3.360416666666667,52.00694444444444,53.89583333333331,0
111,Cassina Valsassina Moggio,2015-02-04,0.36110204155370235,234,-1.5118055555555563,53.222222222222214,55.25694444444451,0
111,Cassina Valsassina Moggio,2015-02-05,0.07453913797647004,293,-1.4854166666666666,84.00694444444443,5.263888888888889,12.800000000000002
111,Cassina Valsassina Moggio,2015-02-06,0.07678534968663876,27,-0.9173611111111113,90.47222222222223,14.59027777777776,1.6
111,Cassina Valsassina Moggio,2015-02-07,0.19576930683221613,349,-2.604166666666667,91.84027777777777,20.027777777777757,0
111,Cassina Valsassina Moggio,2015-02-08,1.3158373583822345,40,-0.6243055555555552,44.5,94.0972222222222,0
111,Cassina Valsassina Moggio,2015-02-09,1.2085783589698873,31,1.3673611111111124,32.513888888888886,111.23611111111099,0
111,Cassina Valsassina Moggio,2015-02-10,0.12253012886941281,11,7.1454545454545455,26.18181818181818,126.14685314685305,0
111,Cassina Valsassina Moggio,2015-02-11,0.05646431098214475,314,5.417361111111111,42.01388888888888,128.9097222222221,0
111,Cassina Valsassina Moggio,2015-02-12,0.08603946313723648,18,3.077777777777778,60.95138888888887,127.73611111111099,0
111,Cassina Valsassina Moggio,2015-02-13,0.14633742578812145,302,-0.8520833333333332,88.3125,55.125,0
111,Cassina Valsassina Moggio,2015-02-14,1.1112193651547821,201,-0.5321678321678324,91.5104895104895,4.391608391608388,16.999999999999993
111,Cassina Valsassina Moggio,2015-02-15,1.6257137286145416,247,-0.18333333333333335,93.41666666666667,0,46.60000000000002
111,Cassina Valsassina Moggio,2015-02-16,0.22395103797353982,180,1.7138888888888892,73.625,55.9375,0
111,Cassina Valsassina Moggio,2015-02-17,0.21786867082554692,15,2.8625000000000003,67.02083333333334,151.59027777777794,0
111,Cassina Valsassina Moggio,2015-02-18,0.44554064979238395,18,1.4055944055944058,77.48251748251748,147.52447552447535,0
111,Cassina Valsassina Moggio,2015-02-19,0.21658183916465631,334,1.4394366197183097,63.190140845070424,158.75352112676066,0
111,Cassina Valsassina Moggio,2015-02-20,0.798086399381166,236,0.7153846153846155,61.930069930069926,163.3636363636365,0
111,Cassina Valsassina Moggio,2015-02-21,0.5300676731585086,197,-0.5720279720279721,84.57342657342659,20.49650349650351,32.59999999999996
111,Cassina Valsassina Moggio,2015-02-22,0.26741996872757945,3,0.825,79.06944444444443,77.71527777777781,14
111,Cassina Valsassina Moggio,2015-02-23,0.21329005818920171,36,2.2972222222222225,57.694444444444436,101.22222222222216,0
111,Cassina Valsassina Moggio,2015-02-24,0.6685213014177357,355,1.3229166666666667,55.29861111111113,28.805555555555532,0
111,Cassina Valsassina Moggio,2015-02-25,0.6842382720692406,6,2.2319444444444447,30.270833333333332,173.1458333333334,0
111,Cassina Valsassina Moggio,2015-02-26,0.7072591643655317,218,0.8006944444444445,50.05555555555555,141.77083333333343,0
111,Cassina Valsassina Moggio,2015-02-27,0.2299719845954816,8,1.072222222222222,67.69444444444443,93.25694444444451,0
111,Cassina Valsassina Moggio,2015-02-28,0.3719400547001337,261,2.5651851851851855,54.2074074074074,90.15827338129507,0
111,Cassina Valsassina Moggio,2015-03-01,0.4666989479615253,203,2.77112676056338,63.55633802816901,158.42253521126742,0
111,Cassina Valsassina Moggio,2015-03-02,0.4549120515353904,48,3.2597222222222224,70.48611111111113,91.013888888889,0
111,Cassina Valsassina Moggio,2015-03-03,0.5835183647451705,180,4.04965034965035,40.167832167832145,198.09790209790202,0
111,Cassina Valsassina Moggio,2015-03-04,0.6707665108159375,346,2.7120567375886524,57.80851063829786,145.5744680851063,0
111,Cassina Valsassina Moggio,2015-03-05,1.0684644215985342,345,1.0152777777777782,24.520833333333336,207.29861111111094,0
111,Cassina Valsassina Moggio,2015-03-06,0.35703767519789625,155,2.1370629370629373,26.24475524475524,208.6153846153845,0
111,Cassina Valsassina Moggio,2015-03-07,0.6808388630346736,164,1.123239436619718,50.690140845070424,193.56338028169017,0
111,Cassina Valsassina Moggio,2015-03-08,0.286748281536226,283,3.5097222222222224,47.72916666666667,197.6875,0
111,Cassina Valsassina Moggio,2015-03-09,0.24376770264662373,319,2.884722222222222,62.534722222222214,164.93055555555546,0
111,Cassina Valsassina Moggio,2015-03-10,0.3576857734449814,16,6.268055555555556,47.375,211.63888888888906,0
111,Cassina Valsassina Moggio,2015-03-11,0.7203647781933789,350,8.202777777777778,30.75,218.6875,0
111,Cassina Valsassina Moggio,2015-03-12,0.7509603898301275,284,4.1513888888888895,32.97916666666667,219.49305555555566,0
111,Cassina Valsassina Moggio,2015-03-13,0.5470956136960544,111,3.4347222222222222,49.965277777777786,205.57638888888906,0
111,Cassina Valsassina Moggio,2015-03-14,0.5412268306096566,198,1.9272727272727272,64.18881118881119,67.12587412587418,0
111,Cassina Valsassina Moggio,2015-03-15,1.1688993040161124,230,1.7888888888888888,69.97916666666666,93.375,0
111,Cassina Valsassina Moggio,2015-03-16,0.4394485400215164,240,1.420979020979021,86.81818181818181,38.85314685314683,1.4
111,Cassina Valsassina Moggio,2015-03-17,0.2851843490700498,251,3.665277777777778,86.27083333333334,77.74305555555549,3.600000000000001
111,Cassina Valsassina Moggio,2015-03-18,0.6909028803873744,274,4.9625,78.52777777777777,193.71527777777797,0
111,Cassina Valsassina Moggio,2015-03-19,0.7240835827348323,134,5.4006944444444445,78.86805555555557,207.42361111111094,0
111,Cassina Valsassina Moggio,2015-03-20,0.3148414880999984,225,4.1416666666666675,82.6875,34.868055555555515,0
111,Cassina Valsassina Moggio,2015-03-21,0.23336733602580695,261,3.5027777777777778,74.94444444444444,42.180555555555515,0
111,Cassina Valsassina Moggio,2015-03-22,0.382406020374682,240,1.9701388888888889,87.76388888888889,62.4583333333333,0.8
111,Cassina Valsassina Moggio,2015-03-23,0.6306129940700681,180,5.166666666666667,67.23611111111111,134.54861111111097,0
111,Cassina Valsassina Moggio,2015-03-24,0.610904599829449,172,3.593055555555556,84.04166666666667,43.48611111111113,4.000000000000002
111,Cassina Valsassina Moggio,2015-03-25,0.20931271539855292,268,4.176388888888889,86.22222222222223,66.88194444444451,0.6000000000000001
111,Cassina Valsassina Moggio,2015-03-26,0.2764444208644903,71,5.314685314685315,87.17482517482517,63.972027972027895,3.8000000000000003
111,Cassina Valsassina Moggio,2015-03-27,0.5141052531879768,13,6.749295774647888,42.08450704225349,263.0211267605635,0
111,Cassina Valsassina Moggio,2015-03-28,0.5526955287074068,108,7.868309859154929,28.19718309859155,265.5211267605635,0
111,Cassina Valsassina Moggio,2015-03-29,0.23818261422819473,308,9.393706293706295,41.146853146853154,197.67832167832177,0
111,Cassina Valsassina Moggio,2015-03-30,0.32212129859570543,308,8.659027777777778,51.555555555555564,171.07638888888903,0
111,Cassina Valsassina Moggio,2015-03-31,1.8277682554946268,294,10.980555555555556,39.40972222222223,247.85416666666677,0
111,Cassina Valsassina Moggio,2015-04-01,1.8047754467594264,266,5.3042253521126765,24.232394366197184,277.880281690141,0
111,Cassina Valsassina Moggio,2015-04-02,1.1242155597019792,235,6.335416666666667,31.81944444444444,272.347222222222,0
111,Cassina Valsassina Moggio,2015-04-03,1.2817470162428524,187,5.415972222222223,39.166666666666686,218.26388888888903,0
111,Cassina Valsassina Moggio,2015-04-04,1.18732421446837,211,2.1496453900709223,76.48226950354609,82.38297872340416,0
111,Cassina Valsassina Moggio,2015-04-05,0.8637282829467215,188,0.6020979020979024,86.6853146853147,72.05594405594401,0
111,Cassina Valsassina Moggio,2015-04-06,0.3329885135472863,8,1.6699300699300703,34.51048951048952,289.97902097902113,0
111,Cassina Valsassina Moggio,2015-04-07,0.6982394204905843,312,3.1993006993006983,25.258741258741257,289.5734265734268,0
111,Cassina Valsassina Moggio,2015-04-08,0.4638456393236554,219,8.585416666666667,21.131944444444432,285.1805555555558,0
111,Cassina Valsassina Moggio,2015-04-09,0.585293615969193,263,9.955555555555557,37.659722222222214,280.5486111111109,0
111,Cassina Valsassina Moggio,2015-04-10,0.997369964236483,236,10.036111111111111,45.902777777777786,260.99305555555577,0
111,Cassina Valsassina Moggio,2015-04-11,0.5255884967502973,352,9.710416666666667,53.54166666666666,275.2638888888891,0
111,Cassina Valsassina Moggio,2015-04-12,0.9599657010638655,206,11.237323943661972,49.45774647887325,267.4084507042251,0
111,Cassina Valsassina Moggio,2015-04-13,1.132198807629432,305,13.384615384615385,43.209790209790185,288.62937062937044,0
111,Cassina Valsassina Moggio,2015-04-14,0.3608003242188302,313,13.574825174825175,23.034965034965044,219.55944055944076,0
111,Cassina Valsassina Moggio,2015-04-15,1.142417206937509,226,13.65763888888889,30.979166666666664,286.6319444444442,0
111,Cassina Valsassina Moggio,2015-04-16,0.42055951640280853,230,12.597916666666666,46.395833333333336,178.09722222222203,0
111,Cassina Valsassina Moggio,2015-04-17,0.1454248536774741,302,7.925000000000001,77.20833333333333,78.49305555555549,4.800000000000002
111,Cassina Valsassina Moggio,2015-04-18,1.0842462241797959,202,8.595138888888888,76.79166666666666,219.22916666666663,0
111,Cassina Valsassina Moggio,2015-04-19,0.7845847683818218,206,4.1375,62.930555555555564,156.5972222222221,0
111,Cassina Valsassina Moggio,2015-04-20,0.5823672748516286,243,8.982638888888891,48.29861111111112,299.41666666666686,0
111,Cassina Valsassina Moggio,2015-04-21,0.938527474709688,251,12.936111111111112,34.85416666666667,310.52777777777806,0
111,Cassina Valsassina Moggio,2015-04-22,1.3220127870905107,216,14.235664335664337,30.041958041958043,308.8321678321676,0
111,Cassina Valsassina Moggio,2015-04-23,2.070351947568708,230,11.371830985915494,55.542253521126746,292.92957746478857,0
111,Cassina Valsassina Moggio,2015-04-24,1.322064349817537,175,10.251388888888888,68.0625,323.2430555555559,0
111,Cassina Valsassina Moggio,2015-04-25,0.8991491405308671,122,8.083916083916085,84.58741258741259,69.89510489510492,1.4
111,Cassina Valsassina Moggio,2015-04-26,0.532444963724221,154,7.980555555555556,88.58333333333334,42.14583333333335,15.999999999999995
111,Cassina Valsassina Moggio,2015-04-27,0.9552391558199084,204,7.1735537190082646,91.09917355371901,55.69047619047622,30.399999999999977
111,Cassina Valsassina Moggio,2015-04-28,0.29196011058163124,29,10.074825174825175,60.412587412587364,225.25694444444446,0
111,Cassina Valsassina Moggio,2015-04-29,0.6677008450386684,176,7.629861111111111,58.64583333333335,140.263888888889,7.4
111,Cassina Valsassina Moggio,2015-04-30,1.3553783385100475,234,7.597202797202797,79.55944055944057,262.72027972027985,18.4
111,Cassina Valsassina Moggio,2015-05-01,0.5177718571152311,119,7.104195804195805,90.18181818181819,23.461538461538463,15.199999999999996
111,Cassina Valsassina Moggio,2015-05-02,0.35919138273310003,86,11.43854166666667,79.32291666666669,378.91000000000014,0.2
111,Cassina Valsassina Moggio,2015-05-03,0.20078161035059253,247,10.531297709923665,94.80152671755725,60.82442748091606,2.8
111,Cassina Valsassina Moggio,2015-05-04,0.4488730974435803,185,11.02937062937063,93.1048951048951,68.39860139860141,1
111,Cassina Valsassina Moggio,2015-05-05,0.8539455513375771,147,13.785314685314686,81.43356643356643,253.96503496503513,0
111,Cassina Valsassina Moggio,2015-05-06,0.8736045864644069,136,13.616083916083916,75.90909090909093,172.3006993006993,3.8000000000000003
111,Cassina Valsassina Moggio,2015-05-07,1.1869776740584295,201,14.045833333333334,57.048611111111136,263.0486111111109,0
111,Cassina Valsassina Moggio,2015-05-08,1.2784751959269345,109,11.935664335664336,79.92307692307692,113.91608391608382,11.6
111,Cassina Valsassina Moggio,2015-05-09,0.4148740994289796,10,15.035416666666666,45.333333333333314,266.465277777778,0
111,Cassina Valsassina Moggio,2015-05-10,0.25889113374613576,7,15.479861111111113,35.923611111111114,342.9930555555559,0
111,Cassina Valsassina Moggio,2015-05-11,0.5823698318583989,194,16.65625,45.35416666666668,314.1805555555558,0
111,Cassina Valsassina Moggio,2015-05-12,0.9474189206592858,191,15.995804195804196,61.510489510489506,303.34965034965063,0
111,Cassina Valsassina Moggio,2015-05-13,0.6132576825547578,266,16.539583333333333,69.43055555555556,253.77083333333326,0
111,Cassina Valsassina Moggio,2015-05-14,1.4032876888100945,233,16.930985915492958,71.55633802816901,336.29577464788713,0
111,Cassina Valsassina Moggio,2015-05-15,1.125009061951253,254,9.942361111111111,90.97222222222223,24.46527777777775,51.800000000000026
111,Cassina Valsassina Moggio,2015-05-16,0.601518291266395,237,14.618750000000002,72,293.09722222222194,0.2
111,Cassina Valsassina Moggio,2015-05-17,0.7517429634594707,142,15.133333333333335,74.02083333333334,253.27777777777797,0
111,Cassina Valsassina Moggio,2015-05-18,1.144581837718201,181,15.312500000000002,72.4375,274.86805555555577,0
111,Cassina Valsassina Moggio,2015-05-19,0.22497053748769166,171,12.811805555555557,81.15972222222223,141.28472222222211,30
111,Cassina Valsassina Moggio,2015-05-20,0.6270307694365514,255,7.525874125874126,94.46853146853147,40.223776223776234,55.20000000000001
111,Cassina Valsassina Moggio,2015-05-21,0.5402558178905615,66,6.545138888888889,73.59722222222226,131.80555555555546,8.800000000000002
111,Cassina Valsassina Moggio,2015-05-22,0.6990339250226465,47,9.916901408450705,50.69718309859155,199.3591549295772,0
111,Cassina Valsassina Moggio,2015-05-23,0.8510051909000627,215,9.520833333333334,68.63194444444447,162.47916666666654,0.2
111,Cassina Valsassina Moggio,2015-05-24,1.1614178920568816,199,9.620979020979021,77.20279720279719,201.75524475524492,0.2
111,Cassina Valsassina Moggio,2015-05-25,0.737367906314142,171,12.404195804195805,70.55244755244755,229.44055944055927,0
111,Cassina Valsassina Moggio,2015-05-26,0.6916530437012111,156,11.37832167832168,73.006993006993,193.60839160839154,16
111,Cassina Valsassina Moggio,2015-05-27,0.24461065422611863,122,12.15138888888889,46.256944444444436,372.3541666666669,0.2
111,Cassina Valsassina Moggio,2015-05-28,0.8481086875835474,182,12.099305555555556,66.4375,365.8680555555559,0
111,Cassina Valsassina Moggio,2015-05-29,1.2707872866207546,175,12.9875,69.9375,297.34027777777806,0
111,Cassina Valsassina Moggio,2015-05-30,1.4921197803459905,232,14.327272727272728,72.64335664335664,345.73426573426593,0.2
111,Cassina Valsassina Moggio,2015-05-31,0.6458877495277625,195,12.95944055944056,86.48251748251748,115.05594405594401,2
111,Cassina Valsassina Moggio,2015-06-01,0.5937479431482278,184,14.700000000000001,78.78472222222223,213.89583333333346,0.4
111,Cassina Valsassina Moggio,2015-06-02,0.7137230806200244,207,16.78263888888889,68.98611111111113,277.64583333333326,0
111,Cassina Valsassina Moggio,2015-06-03,0.8211726648838905,211,19.193055555555556,64.54166666666666,342.4444444444441,0
111,Cassina Valsassina Moggio,2015-06-04,1.1528450524831404,218,20.58263888888889,64.97916666666667,349.4166666666669,0
111,Cassina Valsassina Moggio,2015-06-05,0.5948715615963395,170,21.153472222222224,64.24305555555556,271.090277777778,0
111,Cassina Valsassina Moggio,2015-06-06,0.4578802344989906,163,20.352083333333333,65.44444444444443,237.6875,0
111,Cassina Valsassina Moggio,2015-06-07,0.40576800588840006,190,20.113986013986015,67.27272727272728,240.15384615384642,17
111,Cassina Valsassina Moggio,2015-06-08,0.7722565031806328,118,16.477622377622378,65.58041958041959,277.6223776223774,27.99999999999999
111,Cassina Valsassina Moggio,2015-06-09,0.11751546298761534,220,17.25281690140845,60.25352112676056,217.59154929577477,0
111,Cassina Valsassina Moggio,2015-06-10,1.0663633186139425,222,16.374305555555555,70.5625,269.74305555555577,0.4
111,Cassina Valsassina Moggio,2015-06-11,0.9893962785206717,178,17.856643356643357,66.86013986013987,305.5454545454547,0
111,Cassina Valsassina Moggio,2015-06-12,0.39105248942165205,136,16.234722222222224,76.63194444444444,137.013888888889,6
111,Cassina Valsassina Moggio,2015-06-13,0.6116251935652536,204,15.502097902097903,81.63636363636364,156.7832167832169,14.000000000000002
111,Cassina Valsassina Moggio,2015-06-14,0.5411873688433104,172,14.086111111111112,82.24305555555557,82.36805555555549,52.79999999999999
111,Cassina Valsassina Moggio,2015-06-15,0.42657459611503395,98,13.721678321678324,87.57342657342657,151.33566433566423,2.6000000000000005
111,Cassina Valsassina Moggio,2015-06-16,0.40625723208304915,210,12.992361111111112,87.97222222222223,100.375,19.59999999999999
111,Cassina Valsassina Moggio,2015-06-17,1.4403091323844357,210,15.12013888888889,71.59027777777777,340.28472222222194,0.2
111,Cassina Valsassina Moggio,2015-06-18,0.33821860835322276,345,15.803496503496504,77.22377622377623,296.65034965034937,0
111,Cassina Valsassina Moggio,2015-06-19,0.8080683201882494,331,17.219444444444445,57.611111111111136,349.3125,0
111,Cassina Valsassina Moggio,2015-06-20,0.6983661151369683,311,14.602097902097904,47.56643356643356,363.32167832167863,0
111,Cassina Valsassina Moggio,2015-06-21,0.7141931965902292,230,14.114788732394366,59.35211267605635,317.12676056338034,0
111,Cassina Valsassina Moggio,2015-06-22,0.9329908086625124,170,14.336805555555555,75.47916666666666,224.75,1.6
111,Cassina Valsassina Moggio,2015-06-23,0.8813937986628684,277,15.493055555555555,68.34027777777774,357.06422018348667,26.599999999999998
111,Cassina Valsassina Moggio,2015-06-24,1.0707578782074432,180,13.04513888888889,70.09722222222223,NA,0
111,Cassina Valsassina Moggio,2015-06-25,1.230140544177847,220,14.90902777777778,68.625,NA,0
111,Cassina Valsassina Moggio,2015-06-26,1.2272553971193143,210,16.89718309859155,64.21830985915493,NA,0
111,Cassina Valsassina Moggio,2015-06-27,0.887663441699025,181,18.178472222222222,69.40277777777777,NA,0
111,Cassina Valsassina Moggio,2015-06-28,0.8407158780426246,191,17.700877192982457,65.86842105263159,NA,0
111,Cassina Valsassina Moggio,2015-06-29,1.02900749292627,201,18.555555555555557,70.92361111111111,NA,0
111,Cassina Valsassina Moggio,2015-06-30,1.0684692562829337,196,18.7013986013986,71.58741258741259,NA,0
111,Cassina Valsassina Moggio,2015-07-01,0.8129089439968932,195,20.3125,71.53472222222223,NA,0
111,Cassina Valsassina Moggio,2015-07-02,0.6897605364766046,226,21.765972222222224,69.77083333333334,NA,0
111,Cassina Valsassina Moggio,2015-07-03,1.2639345131743371,222,21.48263888888889,76.28472222222223,NA,7.400000000000001
111,Cassina Valsassina Moggio,2015-07-04,0.5082869787862344,240,22.93611111111111,59.23611111111113,NA,0
111,Cassina Valsassina Moggio,2015-07-05,0.7355165202354527,233,23.218055555555555,72.59027777777777,NA,2
111,Cassina Valsassina Moggio,2015-07-06,0.6169951416166026,201,24.43680555555556,57.5,NA,0
111,Cassina Valsassina Moggio,2015-07-07,0.8924328107528139,212,24.06277372262774,78.74452554744524,221.69811320754727,0
111,Cassina Valsassina Moggio,2015-07-08,0.4378956251156925,274,21.634027777777778,80.96527777777777,179.90277777777794,0
111,Cassina Valsassina Moggio,2015-07-09,0.42088360978725736,341,19.444055944055943,44.02797202797201,352.9580419580422,0
111,Cassina Valsassina Moggio,2015-07-10,1.074665690647995,205,17.90138888888889,57.618055555555564,298.0208333333332,0
111,Cassina Valsassina Moggio,2015-07-11,0.4053872858497979,41,19.75138888888889,64.34722222222223,350.3680555555559,0
111,Cassina Valsassina Moggio,2015-07-12,1.1471679963569912,205,21.620833333333334,58.215277777777786,341.54166666666686,0
111,Cassina Valsassina Moggio,2015-07-13,0.42041344448450174,108,22.37605633802817,56.514084507042256,292.0140845070425,0
111,Cassina Valsassina Moggio,2015-07-14,0.9935940408478826,210,21.834507042253524,64.92957746478874,342.3943661971833,0
111,Cassina Valsassina Moggio,2015-07-15,1.4615624601636634,193,22.465734265734266,68.44055944055944,310.89510489510457,0
111,Cassina Valsassina Moggio,2015-07-16,1.194297883868994,197,22.72323943661972,68.65492957746478,262.619718309859,0
111,Cassina Valsassina Moggio,2015-07-17,0.868241028255941,229,22.98740740740741,60.36296296296296,299.7050359712231,0
111,Cassina Valsassina Moggio,2015-07-18,1.1378918156284752,226,23.963194444444447,50.381944444444436,323.20833333333314,0
111,Cassina Valsassina Moggio,2015-07-19,1.20023753886851,180,23.346153846153847,59.11188811188812,313.5874125874127,0
111,Cassina Valsassina Moggio,2015-07-20,1.2923605092942747,198,22.762500000000003,61.965277777777786,317.4513888888891,0
111,Cassina Valsassina Moggio,2015-07-21,1.1272112935291625,203,24.179166666666667,60.229166666666664,317.96527777777806,0
111,Cassina Valsassina Moggio,2015-07-22,1.1898278974075838,202,24.42867132867133,56.18181818181818,309.1468531468533,0
111,Cassina Valsassina Moggio,2015-07-23,0.6968286258767179,202,23.850694444444446,53.409722222222214,268.9513888888891,0
111,Cassina Valsassina Moggio,2015-07-24,0.6272318460866555,148,21.261538461538464,64.26573426573425,220.28671328671325,20.599999999999998
111,Cassina Valsassina Moggio,2015-07-25,1.0711473684994879,241,19.052816901408452,71.76056338028167,304.8028169014083,7.400000000000001
111,Cassina Valsassina Moggio,2015-07-26,1.3575591148700124,207,17.661805555555556,60.284722222222214,220.18055555555557,0
111,Cassina Valsassina Moggio,2015-07-27,0.7467659619464363,222,18.972463768115944,69.81884057971013,325.88111888111865,16.600000000000005
111,Cassina Valsassina Moggio,2015-07-28,1.067921711377269,171,19.359722222222224,73.01388888888889,288.77777777777806,0
111,Cassina Valsassina Moggio,2015-07-29,0.5916478569668258,199,18.27013888888889,81.79861111111113,202.25,12.600000000000001
111,Cassina Valsassina Moggio,2015-07-30,0.8968776326326942,156,17.35,79.4375,229.16666666666669,0
111,Cassina Valsassina Moggio,2015-07-31,1.2293153375361812,198,15.752554744525549,82.83211678832117,216.34042553191506,0.4
111,Cassina Valsassina Moggio,2015-08-01,0.9137492163126604,135,13.49513888888889,84.4375,47.85416666666665,21.799999999999994
111,Cassina Valsassina Moggio,2015-08-02,0.8463789120469818,162,16.718705035971222,78.96402877697841,337.9366197183099,0.2
111,Cassina Valsassina Moggio,2015-08-03,0.9065531885375658,200,19.004225352112677,78.80985915492957,288.2517482517479,0
111,Cassina Valsassina Moggio,2015-08-04,0.15644254898270452,110,20.238028169014086,79.29577464788731,233.35211267605638,0
111,Cassina Valsassina Moggio,2015-08-05,1.0662609979868682,190,21.615277777777777,71,309.4375,0
111,Cassina Valsassina Moggio,2015-08-06,0.5867864484374221,221,22.93888888888889,64.72916666666667,300.75,0
111,Cassina Valsassina Moggio,2015-08-07,1.0981299900787826,200,23.907042253521126,56.936619718309856,304.0774647887327,0
111,Cassina Valsassina Moggio,2015-08-08,0.33361964533817945,128,21.647887323943664,64.23239436619718,213.29577464788727,10
111,Cassina Valsassina Moggio,2015-08-09,0.46560794004966266,176,20.99930555555556,65.40277777777777,207.9375,1.4
111,Cassina Valsassina Moggio,2015-08-10,0.37673529784432674,260,18.739583333333336,74.49305555555556,210.88888888888906,0
111,Cassina Valsassina Moggio,2015-08-11,0.7960890166450355,210,20.77777777777778,53.673611111111114,252.31944444444434,0
111,Cassina Valsassina Moggio,2015-08-12,0.2766597830558818,114,22.313194444444445,50.75694444444444,282.2916666666668,0
111,Cassina Valsassina Moggio,2015-08-13,0.8458016054343322,203,22.686111111111114,46.05555555555556,225.20138888888903,0
111,Cassina Valsassina Moggio,2015-08-14,0.6702535914041992,193,18.302777777777777,68.72222222222224,79.40972222222227,8.000000000000002
111,Cassina Valsassina Moggio,2015-08-15,0.4371541502740911,147,15.104895104895105,82.09790209790211,72.06293706293701,27.799999999999997
111,Cassina Valsassina Moggio,2015-08-16,0.45126061793028543,83,13.424305555555556,84.27777777777777,86,12.400000000000004
111,Cassina Valsassina Moggio,2015-08-17,0.3289433682236512,115,15.543846153846154,73.33846153846153,169.59398496240578,0.6000000000000001
111,Cassina Valsassina Moggio,2015-08-18,0.7098929145518755,130,14.696503496503498,76.96503496503496,172.3426573426572,15.199999999999998
111,Cassina Valsassina Moggio,2015-08-19,0.046338372956652205,351,13.462937062937064,84.2797202797203,182.95804195804212,15.2
111,Cassina Valsassina Moggio,2015-08-20,0.37953401477863613,180,15.965277777777779,63.645833333333336,211.8333333333334,0
111,Cassina Valsassina Moggio,2015-08-21,0.9572155220182512,143,15.148591549295775,74.51408450704226,226.00704225352126,0
111,Cassina Valsassina Moggio,2015-08-22,1.1541907673634604,179,15.05,76.19444444444443,216.47916666666666,0.2
111,Cassina Valsassina Moggio,2015-08-23,1.768908243180599,136,12.654744525547446,82.45454545454547,51.8391608391609,11.599999999999996
111,Cassina Valsassina Moggio,2015-08-24,0.74808224111736,167,13.108333333333334,96.21527777777777,31.520833333333357,55.80000000000001
111,Cassina Valsassina Moggio,2015-08-25,1.461136933958783,195,15.84718309859155,88.01408450704226,190.54225352112684,14.8
111,Cassina Valsassina Moggio,2015-08-26,0.44914207451642296,116,16.941666666666666,78.83333333333334,241.65972222222197,0
111,Cassina Valsassina Moggio,2015-08-27,0.6010545479822185,193,18.04895104895105,74.85314685314684,238.7972027972028,0
111,Cassina Valsassina Moggio,2015-08-28,0.4446675827597683,119,19.576223776223777,67.09090909090908,252.95104895104924,0
111,Cassina Valsassina Moggio,2015-08-29,0.6696505948875124,159,20.885314685314686,69.77622377622377,269.60839160839157,0
111,Cassina Valsassina Moggio,2015-08-30,0.5033053947745425,173,20.882978723404257,63.0141843971631,270.70212765957433,0
111,Cassina Valsassina Moggio,2015-08-31,0.7893151744658571,185,20.77323943661972,53.30281690140845,282.8309859154931,0
111,Cassina Valsassina Moggio,2015-09-01,0.6624552460315248,156,18.400000000000002,58.451388888888886,172.79166666666654,0
111,Cassina Valsassina Moggio,2015-09-02,0.38811625910113173,165,16.08888888888889,78.47916666666666,137.27083333333343,38.80000000000002
111,Cassina Valsassina Moggio,2015-09-03,0.3733952942356029,202,14.060839160839162,84.44055944055943,121.55944055944062,4.400000000000001
111,Cassina Valsassina Moggio,2015-09-04,0.5920706928429509,151,14.259722222222223,77.3125,175.20138888888903,0.2
111,Cassina Valsassina Moggio,2015-09-05,0.29785705918374217,49,11.438194444444445,70.54166666666669,185.20138888888903,17.400000000000002
111,Cassina Valsassina Moggio,2015-09-06,0.3249544099355116,137,12.133098591549297,46.866197183098585,276.3521126760562,0
111,Cassina Valsassina Moggio,2015-09-07,0.6840802343181609,186,12.342657342657343,56.776223776223766,224.56643356643372,0
111,Cassina Valsassina Moggio,2015-09-08,0.53343113115738094,161,11.888194444444446,69.98611111111113,142.80555555555546,0
111,Cassina Valsassina Moggio,2015-09-09,0.8532779229384393,163,12.276760563380282,66.54225352112675,204.17605633802802,0
111,Cassina Valsassina Moggio,2015-09-10,0.9409401494805796,152,10.713194444444445,68.76388888888889,95.61805555555549,1.2
111,Cassina Valsassina Moggio,2015-09-11,0.44764714038515996,236,10.934027777777779,75.97916666666666,122.53472222222216,0
111,Cassina Valsassina Moggio,2015-09-12,0.3603653687289351,191,12.738028169014086,76.79577464788733,110.90140845070414,0.2
111,Cassina Valsassina Moggio,2015-09-13,1.0849625507241207,182,12.091608391608393,86.53146853146853,22.55244755244754,35.4
111,Cassina Valsassina Moggio,2015-09-14,1.5944306644246886,194,13.683216783216784,92.2937062937063,61.07692307692314,44.199999999999996
111,Cassina Valsassina Moggio,2015-09-15,0.35813944178613083,235,13.85902777777778,78.23611111111111,117.50694444444453,0
111,Cassina Valsassina Moggio,2015-09-16,0.918493677565409,221,13.409027777777778,88.49305555555556,8.513888888888882,18.399999999999995
111,Cassina Valsassina Moggio,2015-09-17,1.1511994534492893,217,16.219444444444445,81.15972222222223,50.57638888888888,0.4
111,Cassina Valsassina Moggio,2015-09-18,0.9651157697019482,242,14.979720279720281,69.58041958041957,168.02097902097887,0
111,Cassina Valsassina Moggio,2015-09-19,0.9402130420172833,225,14.036111111111111,60.89583333333333,223.52083333333331,0
111,Cassina Valsassina Moggio,2015-09-20,0.7326382773945653,60,13.88041958041958,50.132867132867126,238.95804195804217,0
111,Cassina Valsassina Moggio,2015-09-21,0.9433899093923679,152,13.237062937062937,66.1118881118881,177.6643356643358,0
111,Cassina Valsassina Moggio,2015-09-22,1.3799689733998848,118,11.014685314685316,82.65734265734265,68.88811188811195,0
111,Cassina Valsassina Moggio,2015-09-23,0.7991324958013181,265,6.834965034965035,81.9300699300699,19.783216783216783,112.39999999999998
111,Cassina Valsassina Moggio,2015-09-24,0.1768041578040948,48,10.995138888888889,50.416666666666664,194.63888888888903,0
111,Cassina Valsassina Moggio,2015-09-25,0.4795340907887335,148,14.195833333333333,56.715277777777786,220.159722222222,0
111,Cassina Valsassina Moggio,2015-09-26,0.6232841955709025,130,12.47638888888889,75.55555555555556,156.4652777777779,0
111,Cassina Valsassina Moggio,2015-09-27,1.1313777944746986,179,10.13138686131387,90.74825174825175,60.55944055944051,0
111,Cassina Valsassina Moggio,2015-09-28,1.142516599207905,147,7.9146853146853156,80.2937062937063,45.14685314685317,0.4
111,Cassina Valsassina Moggio,2015-09-29,0.4701650195234966,169,7.258333333333334,81.04166666666667,56.652777777777736,0
111,Cassina Valsassina Moggio,2015-09-30,0.24900544814998035,123,6.6631944444444455,74.28472222222223,76.63194444444451,4.4
111,Cassina Valsassina Moggio,2015-10-01,0.08082094436482606,71,6.1312500000000005,77.76388888888887,119.23611111111099,0
111,Cassina Valsassina Moggio,2015-10-02,0.672026602161253,222,8.339583333333334,85.9375,26.548611111111132,16.799999999999994
111,Cassina Valsassina Moggio,2015-10-03,0.7852597901921784,234,9.51830985915493,94.83098591549296,23.69718309859158,39.2
111,Cassina Valsassina Moggio,2015-10-04,0.3721540689018549,142,8.83125,94.18055555555556,52.95138888888893,50.6
111,Cassina Valsassina Moggio,2015-10-05,0.26583205281755007,167,11.395804195804196,78.44055944055943,160.45454545454558,0.4
111,Cassina Valsassina Moggio,2015-10-06,0.14941939616339528,47,10.642361111111112,96.67361111111111,37.243055555555515,0.8
111,Cassina Valsassina Moggio,2015-10-07,0.4417317079553368,112,12.434265734265734,81.8881118881119,191.8811188811189,4.800000000000001
111,Cassina Valsassina Moggio,2015-10-08,0.6791659508458731,169,11.819444444444445,82.92361111111111,173.6875,0
111,Cassina Valsassina Moggio,2015-10-09,1.063310688603685,135,10.321678321678322,85.72027972027972,72.55944055944052,0.2
111,Cassina Valsassina Moggio,2015-10-10,0.312532677319458,240,10.284722222222223,89.18055555555556,117.95138888888901,4.6000000000000005
111,Cassina Valsassina Moggio,2015-10-11,0.6212537428132754,119,10.186111111111112,77.54166666666667,173.34722222222203,0
111,Cassina Valsassina Moggio,2015-10-12,0.31940387015684996,132,10.370629370629372,76.6083916083916,139.0979020979021,0
111,Cassina Valsassina Moggio,2015-10-13,0.5169191924162154,226,8.378472222222223,98.52083333333333,26.506944444444464,24.399999999999977
111,Cassina Valsassina Moggio,2015-10-14,0.390930238081995,165,8.116666666666667,95.0625,75.91666666666674,22.999999999999993
111,Cassina Valsassina Moggio,2015-10-15,0.37115357322419035,257,5.075694444444445,93.72222222222223,37.44444444444449,36.200000000000024
111,Cassina Valsassina Moggio,2015-10-16,0.5576799513934145,188,4.0562499999999995,87.39583333333334,131.7083333333334,12.000000000000002
111,Cassina Valsassina Moggio,2015-10-17,0.45084294278134435,145,4.339160839160839,89.6853146853147,60.51748251748248,0
111,Cassina Valsassina Moggio,2015-10-18,0.057615080648136516,314,5.38581560283688,90.13475177304966,55.82269503546096,0
111,Cassina Valsassina Moggio,2015-10-19,0.16886324488716165,81,7.521830985915494,64.5661764705882,168.80281690140833,0
111,Cassina Valsassina Moggio,2015-10-20,0.2780907914023347,75,5.96549295774648,79.31690140845072,151.70422535211256,0
111,Cassina Valsassina Moggio,2015-10-21,0.4568422851952176,185,4.754861111111111,83.74305555555556,72.6875,0
111,Cassina Valsassina Moggio,2015-10-22,0.14300760804743537,58,5.952447552447553,74.3846153846154,142.68531468531478,0
111,Cassina Valsassina Moggio,2015-10-23,0.393267931063536,207,9.244852941176472,65.72058823529412,146.90000000000015,0
111,Cassina Valsassina Moggio,2015-10-24,0.21753056552042035,30,10.446527777777778,59.53472222222222,139.45138888888903,0
111,Cassina Valsassina Moggio,2015-10-25,0.09243732806337207,214,12.138194444444444,52.9375,111.09027777777787,0
111,Cassina Valsassina Moggio,2015-10-26,0.19898514218286562,44,10.602777777777778,48.13888888888887,136.05555555555546,0
111,Cassina Valsassina Moggio,2015-10-27,0.12784220820679532,94,8.8,61.566433566433574,111.77622377622392,0
111,Cassina Valsassina Moggio,2015-10-28,0.7497644488208107,227,6.811888111888112,93.43356643356644,16.314685314685303,22.399999999999977
111,Cassina Valsassina Moggio,2015-10-29,0.07836225880877896,72,7.534027777777778,95.875,71.33333333333327,4.999999999999999
111,Cassina Valsassina Moggio,2015-10-30,0.12412288036548677,256,10.448591549295775,73.29577464788731,120.70422535211257,0
111,Cassina Valsassina Moggio,2015-10-31,0.2883860782197649,9,8.643356643356643,88.45454545454547,112.58041958041969,0
111,Cassina Valsassina Moggio,2015-11-01,0.29178835069658393,35,7.7138888888888895,82.55555555555556,120.82638888888901,0
111,Cassina Valsassina Moggio,2015-11-02,0.1797696355215129,24,7.761805555555556,66.52777777777774,118.31944444444453,0
111,Cassina Valsassina Moggio,2015-11-03,0.03369086789570795,111,8.627777777777778,48.222222222222236,69.26388888888897,0
111,Cassina Valsassina Moggio,2015-11-04,0.06982343257749199,19,9.574125874125874,81.3006993006993,106.83916083916078,0.2
111,Cassina Valsassina Moggio,2015-11-05,0.021002274882965632,46,9.918055555555556,78.14583333333333,109.20138888888901,0
111,Cassina Valsassina Moggio,2015-11-06,0.12235938744721479,220,12.115277777777779,59.034722222222214,106.81944444444453,0
111,Cassina Valsassina Moggio,2015-11-07,0.04211719313379942,8,13.0986013986014,49.3076923076923,103.44055944055938,0
111,Cassina Valsassina Moggio,2015-11-08,0.22167236232590942,252,14.729078014184397,43.51063829787234,98.40425531914887,0
111,Cassina Valsassina Moggio,2015-11-09,0.4776455933187576,12,14.78263888888889,33.84027777777778,101.21527777777784,0
111,Cassina Valsassina Moggio,2015-11-10,0.18411235569767506,2,17.04685314685315,27.68531468531468,102.23076923076921,0
111,Cassina Valsassina Moggio,2015-11-11,0.0455576502712273,255,13.973611111111111,39.958333333333336,102.576388888889,0
111,Cassina Valsassina Moggio,2015-11-12,0.0939432372074921,258,12.402097902097903,45.09790209790209,93.43356643356641,0
111,Cassina Valsassina Moggio,2015-11-13,0.1849021595821539,69,10.873239436619718,54.570422535211264,92.84507042253524,0
111,Cassina Valsassina Moggio,2015-11-14,0.8335685056116824,51,10.277464788732395,35.87323943661969,77.54929577464793,0
111,Cassina Valsassina Moggio,2015-11-15,0.8451244984572269,18,12.4993006993007,29.56643356643356,86.22377622377611,0
111,Cassina Valsassina Moggio,2015-11-16,0.5121544324153062,37,12.92867132867133,35.03496503496503,88.00699300699296,0
111,Cassina Valsassina Moggio,2015-11-17,0.5560745427663587,20,8.801408450704226,62.901408450704245,75.47887323943655,0
111,Cassina Valsassina Moggio,2015-11-18,0.4988989389588071,32,10.910416666666666,51.555555555555564,90.013888888889,0
111,Cassina Valsassina Moggio,2015-11-19,0.901237340261817,37,7.084027777777778,66.53472222222226,73.38194444444451,0
111,Cassina Valsassina Moggio,2015-11-20,0.2876484086811766,81,7.083916083916084,81.65734265734265,67.60139860139859,0
111,Cassina Valsassina Moggio,2015-11-21,0.601496768251461,326,5.164335664335665,52.559440559440525,49.13986013986019,0
111,Cassina Valsassina Moggio,2015-11-22,0.4264460508089631,16,0.7777777777777779,26.166666666666664,82.20833333333331,0
111,Cassina Valsassina Moggio,2015-11-23,0.7609369685718452,104,-1.71875,53.39583333333332,21.805555555555557,0
111,Cassina Valsassina Moggio,2015-11-24,0.17487242307819229,27,-1.574125874125874,55.68531468531469,81.60839160839156,0
111,Cassina Valsassina Moggio,2015-11-25,0.09905590173193692,279,-2.2446808510638294,74.73049645390071,61.14184397163116,0
111,Cassina Valsassina Moggio,2015-11-26,0.7682169472454411,55,0.9559440559440558,34.076923076923066,75.74825174825173,0
111,Cassina Valsassina Moggio,2015-11-27,0.17690489834317946,42,0.48768115942029006,36.71014492753622,74.18309859154925,0
111,Cassina Valsassina Moggio,2015-11-28,0.901090660677728,40,0.8378571428571433,46.47142857142859,55.26428571428577,0
111,Cassina Valsassina Moggio,2015-11-29,0.31873637569614505,40,3.302112676056338,31.92253521126761,76.9154929577464,0
111,Cassina Valsassina Moggio,2015-11-30,0.7589993610168413,41,7.631944444444445,27.451388888888882,70.31944444444451,0
111,Cassina Valsassina Moggio,2015-12-01,0.9745883188184155,42,10.278169014084508,31.697183098591548,63.894366197183174,0
111,Cassina Valsassina Moggio,2015-12-02,0.1148718692440655,327,9.487323943661972,44.612676056338024,71.24647887323937,0
111,Cassina Valsassina Moggio,2015-12-03,0.06932060404490802,246,7.178472222222223,51.59027777777778,69.6875,0
111,Cassina Valsassina Moggio,2015-12-04,0.39750714284327654,44,4.728472222222223,56.368055555555564,61.340277777777736,0
111,Cassina Valsassina Moggio,2015-12-05,0.15260449439085286,74,3.4652777777777777,75.57638888888887,65.82638888888897,0
111,Cassina Valsassina Moggio,2015-12-06,0.45836314836193537,41,4.189510489510489,71.35664335664336,68.47552447552458,0
111,Cassina Valsassina Moggio,2015-12-07,0.16121850159683473,58,4.959722222222222,68.36805555555556,65.60416666666671,0
111,Cassina Valsassina Moggio,2015-12-08,0.2630953329729354,47,4.509027777777778,65.10144927536231,63.875,0
111,Cassina Valsassina Moggio,2015-12-09,0.3995445809015256,54,5.831468531468532,46.783216783216794,65.6713286713286,0
111,Cassina Valsassina Moggio,2015-12-10,0.008885843355592556,201,3.757638888888889,32.875,67.21527777777774,0
111,Cassina Valsassina Moggio,2015-12-11,0.4401866262046586,36,3.4131944444444446,29.75,61.930555555555486,0
111,Cassina Valsassina Moggio,2015-12-12,0.9685574123599374,35,2.905594405594406,46.958041958041946,63.65034965034965,0
111,Cassina Valsassina Moggio,2015-12-13,0.08861623337599608,68,2.7222222222222223,77.4375,51.729166666666686,0
111,Cassina Valsassina Moggio,2015-12-14,0.173048404899392,22,2.996969696969697,70.24242424242425,58.671532846715344,0
111,Cassina Valsassina Moggio,2015-12-15,0.4504118889220265,62,2.5729166666666665,70.9375,38.64583333333335,0
111,Cassina Valsassina Moggio,2015-12-16,0.062184281787410395,62,4.980555555555555,57.381944444444436,56.2916666666667,0
111,Cassina Valsassina Moggio,2015-12-17,0.05662472337155086,68,5.709090909090909,51.18881118881118,59.74125874125879,0
111,Cassina Valsassina Moggio,2015-12-18,0.7296674307530385,34,5.372916666666667,62.5,55.31944444444451,0
111,Cassina Valsassina Moggio,2015-12-19,0.12862440581344536,179,6.527083333333334,58.472222222222214,55.70138888888895,0
111,Cassina Valsassina Moggio,2015-12-20,0.18722558224774086,102,6.865034965034965,53.608391608391614,58.902097902097886,0
111,Cassina Valsassina Moggio,2015-12-21,0.21406779218649352,52,4.98125,79.93055555555556,17.243055555555568,0
111,Cassina Valsassina Moggio,2015-12-22,0.3419446739811945,38,4.965277777777778,79.03472222222223,60.54166666666671,0
111,Cassina Valsassina Moggio,2015-12-23,0.3899393177030433,52,5.366666666666667,74.4375,21.67361111111113,0
111,Cassina Valsassina Moggio,2015-12-24,0.021510881254748246,11,4.018260869565218,90.0695652173913,40.416666666666664,0
111,Cassina Valsassina Moggio,2015-12-25,0.2309378110116967,62,4.058450704225352,80.28873239436619,59.41958041958037,0
111,Cassina Valsassina Moggio,2015-12-26,0.022645995741267827,164,6.909790209790211,46.03649635036498,63.57342657342651,0
111,Cassina Valsassina Moggio,2015-12-27,0.1630431580938412,212,7.643055555555556,31.430555555555557,63.673611111111036,0
111,Cassina Valsassina Moggio,2015-12-28,0.08837855937166611,60,7.911805555555556,27.166666666666664,63.694444444444514,0
111,Cassina Valsassina Moggio,2015-12-29,0.060443877528780374,39,4.602777777777778,45.5,63.493055555555486,0
111,Cassina Valsassina Moggio,2015-12-30,0.09513251460172764,11,2.0643356643356645,71.09790209790211,62.66433566433562,0
111,Cassina Valsassina Moggio,2015-12-31,0.030152753752218764,346,-1.577777777777778,94.48611111111111,9.347222222222218,0
